Rk,Player,Pos,Age,Tm,G,GS,MP,FG,FGA,FG%,3P,3PA,3P%,2P,2PA,2P%,eFG%,FT,FTA,FT%,ORB,DRB,TRB,AST,STL,BLK,TOV,PF,PTS
1,Precious Achiuwa\achiupr01,PF,21,MIA,58,3,11.9,1.9,3.6,.538,0.0,0.0,,1.9,3.6,.538,.538,0.9,1.8,.515,1.2,2.2,3.4,0.5,0.3,0.5,0.7,1.5,4.8
2,Jaylen Adams\adamsja01,PG,24,MIL,7,0,2.6,0.1,1.1,.125,0.0,0.3,.000,0.1,0.9,.167,.125,0.0,0.0,,0.0,0.4,0.4,0.3,0.0,0.0,0.0,0.1,0.3
3,Steven Adams\adamsst01,C,27,NOP,58,58,27.7,3.3,5.3,.614,0.0,0.1,.000,3.3,5.3,.620,.614,1.0,2.3,.444,3.7,5.2,8.9,1.9,0.9,0.7,1.3,1.9,7.6
4,Bam Adebayo\adebaba01,C,23,MIA,59,59,33.5,7.2,12.7,.567,0.0,0.1,.250,7.2,12.5,.570,.568,4.5,5.7,.797,2.3,6.8,9.1,5.4,1.2,1.0,2.7,2.2,18.9
5,LaMarcus Aldridge\aldrila01,C,35,TOT,26,23,25.9,5.4,11.4,.473,1.2,3.1,.388,4.2,8.3,.505,.525,1.6,1.8,.872,0.7,3.8,4.5,1.9,0.4,1.1,1.0,1.8,13.5
6,Ty-Shon Alexander\alexaty01,SG,22,PHO,13,0,3.2,0.2,0.8,.182,0.1,0.6,.125,0.1,0.2,.333,.227,0.1,0.2,.500,0.1,0.4,0.5,0.3,0.0,0.1,0.2,0.2,0.5
7,Nickeil Alexander-Walker\alexani01,SG,22,NOP,41,10,20.8,3.9,9.2,.418,1.6,4.6,.348,2.3,4.7,.487,.504,1.0,1.3,.750,0.2,2.8,3.1,2.0,1.0,0.5,1.4,1.9,10.2
8,Grayson Allen\allengr01,SG,25,MEM,50,38,25.2,3.5,8.3,.418,2.1,5.5,.391,1.3,2.8,.471,.547,1.6,1.8,.868,0.4,2.8,3.2,2.2,0.9,0.2,1.0,1.4,10.6
9,Jarrett Allen\allenja01,C,22,TOT,57,39,29.4,4.9,7.7,.636,0.1,0.3,.333,4.8,7.4,.647,.642,3.3,4.6,.709,3.1,6.9,10.0,1.7,0.5,1.5,1.6,1.6,13.1
10,Al-Farouq Aminu\aminual01,PF,30,TOT,23,14,18.9,1.7,4.3,.384,0.3,1.6,.216,1.3,2.7,.484,.424,0.8,1.0,.818,1.0,3.8,4.8,1.3,0.8,0.4,1.2,1.3,4.4
11,Kyle Anderson\anderky01,PF,27,MEM,64,64,27.2,4.5,9.6,.463,1.4,3.8,.355,3.1,5.8,.534,.533,2.0,2.6,.780,0.8,5.0,5.8,3.5,1.3,0.8,1.2,1.7,12.3
12,Giannis Antetokounmpo\antetgi01,PF,26,MIL,56,56,33.1,10.3,18.3,.562,1.2,3.7,.311,9.1,14.6,.626,.594,6.7,9.7,.688,1.6,9.4,11.1,5.9,1.2,1.3,3.6,2.8,28.4
13,Kostas Antetokounmpo\antetko01,PF,23,LAL,15,0,3.7,0.2,0.7,.300,0.0,0.0,,0.2,0.7,.300,.300,0.4,0.9,.462,0.3,1.0,1.3,0.1,0.1,0.3,0.7,0.5,0.8
14,Thanasis Antetokounmpo\antetth01,SF,28,MIL,53,2,9.9,1.3,2.5,.508,0.1,0.5,.259,1.1,2.0,.571,.534,0.4,0.8,.489,1.0,1.3,2.3,0.8,0.4,0.2,0.8,1.4,3.1
15,Carmelo Anthony\anthoca01,PF,36,POR,65,3,24.6,4.8,11.4,.423,1.9,4.7,.406,2.9,6.7,.436,.507,2.0,2.3,.887,0.5,2.7,3.2,1.5,0.7,0.6,0.9,2.1,13.7
16,Cole Anthony\anthoco01,PG,20,ORL,41,28,27.0,4.4,11.3,.393,1.1,3.5,.331,3.3,7.8,.421,.444,2.1,2.5,.817,0.8,3.8,4.6,4.3,0.6,0.4,2.1,2.1,12.1
17,OG Anunoby\anunoog01,SF,23,TOR,43,43,33.3,5.8,12.1,.480,2.4,6.1,.398,3.4,6.0,.562,.580,1.9,2.4,.784,1.3,4.3,5.5,2.2,1.5,0.7,1.7,2.7,15.9
18,Ryan Arcidiacono\arcidry01,PG,26,CHI,41,0,10.2,1.0,2.6,.390,0.5,1.4,.322,0.5,1.1,.478,.481,0.3,0.5,.650,0.1,1.3,1.5,1.2,0.2,0.0,0.2,1.0,2.8
19,Trevor Ariza\arizatr01,SF,35,MIA,25,22,27.2,3.2,7.7,.420,1.7,4.7,.359,1.6,3.0,.513,.528,1.1,1.5,.737,0.8,3.8,4.6,1.8,0.9,0.6,0.8,1.8,9.3
20,D.J. Augustin\augusdj01,PG,33,TOT,51,6,19.2,2.2,5.6,.385,1.3,3.5,.374,0.8,2.1,.402,.502,1.4,1.5,.932,0.4,1.3,1.6,3.3,0.5,0.0,1.1,1.0,7.0
21,Deni Avdija\avdijde01,SF,20,WAS,54,32,23.3,2.4,5.8,.417,1.0,3.1,.315,1.4,2.7,.535,.502,0.5,0.8,.644,0.4,4.4,4.9,1.2,0.6,0.3,0.6,2.6,6.3
22,Deandre Ayton\aytonde01,C,22,PHO,66,66,30.6,6.3,10.1,.621,0.1,0.3,.200,6.2,9.8,.634,.624,1.9,2.5,.760,3.3,7.2,10.6,1.5,0.6,1.2,1.5,2.9,14.5
23,Udoka Azubuike\azubuud01,C,21,UTA,12,0,4.1,0.3,0.6,.571,0.0,0.0,,0.3,0.6,.571,.571,0.3,0.5,.667,0.3,0.8,1.1,0.0,0.1,0.3,0.3,0.7,1.0
24,Dwayne Bacon\bacondw01,SG,25,ORL,66,44,25.8,4.1,10.0,.407,0.8,2.9,.295,3.2,7.1,.452,.449,1.9,2.3,.839,0.4,2.6,3.0,1.2,0.6,0.1,0.7,1.4,10.9
25,Marvin Bagley III\baglema01,PF,21,SAC,41,40,26.1,5.9,11.7,.504,0.9,2.6,.349,5.0,9.1,.548,.543,1.8,3.0,.581,2.5,5.0,7.5,1.0,0.5,0.5,1.4,2.4,14.4
26,LaMelo Ball\ballla01,PG,19,CHO,45,25,28.6,5.7,12.8,.443,1.9,5.1,.370,3.8,7.7,.491,.516,2.4,3.1,.779,1.2,4.6,5.9,6.2,1.6,0.4,2.8,2.8,15.6
27,Lonzo Ball\balllo01,PG,23,NOP,52,52,31.7,5.3,12.7,.416,3.1,8.3,.378,2.2,4.5,.487,.539,0.9,1.2,.800,0.6,4.2,4.7,5.8,1.5,0.6,2.2,1.9,14.6
28,Mo Bamba\bambamo01,C,22,ORL,42,2,15.0,3.1,6.3,.492,0.8,2.5,.337,2.3,3.8,.594,.559,1.0,1.4,.690,1.6,3.9,5.5,0.7,0.3,1.2,0.8,1.8,8.0
29,Desmond Bane\banede01,SG,22,MEM,62,15,22.3,3.5,7.4,.473,1.7,3.9,.440,1.8,3.5,.509,.590,0.6,0.7,.826,0.5,2.7,3.1,1.7,0.6,0.2,0.9,1.9,9.3
30,Harrison Barnes\barneha02,PF,28,SAC,58,58,36.2,5.5,11.1,.497,1.7,4.4,.391,3.8,6.7,.567,.575,3.4,4.1,.830,1.1,5.5,6.6,3.5,0.7,0.2,1.6,1.3,16.1
31,RJ Barrett\barrerj01,SG,20,NYK,66,66,34.6,6.5,14.6,.447,1.6,4.1,.396,4.9,10.5,.466,.502,2.9,3.9,.743,1.0,4.7,5.7,3.0,0.7,0.3,2.0,2.6,17.6
32,Will Barton\bartowi01,SF,30,DEN,56,52,31.0,4.6,10.9,.426,1.8,4.6,.381,2.9,6.3,.459,.507,1.7,2.2,.785,0.7,3.3,4.0,3.2,0.9,0.4,1.7,1.7,12.7
33,Keita Bates-Diop\bateske01,SF,25,SAS,25,0,7.4,0.8,1.9,.404,0.2,0.6,.313,0.6,1.2,.452,.457,0.5,0.8,.632,0.2,1.1,1.3,0.4,0.4,0.2,0.2,0.4,2.2
34,Nicolas Batum\batumni01,SF,32,LAC,63,38,27.7,2.8,6.2,.458,1.6,4.1,.402,1.2,2.1,.564,.590,0.7,0.9,.839,0.8,4.0,4.7,2.2,1.0,0.6,0.8,1.6,8.0
35,Aron Baynes\baynear01,C,34,TOR,50,31,18.2,2.4,5.6,.431,0.4,1.9,.237,2.0,3.8,.527,.470,0.5,0.7,.730,1.7,3.4,5.1,0.9,0.3,0.4,0.9,2.3,5.8
36,Kent Bazemore\bazemke01,SF,31,GSW,62,13,19.1,2.5,5.7,.439,1.1,2.7,.413,1.4,3.0,.462,.537,0.8,1.1,.681,0.4,3.0,3.4,1.6,1.0,0.5,1.2,2.3,6.8
37,Darius Bazley\bazleda01,PF,20,OKC,51,51,31.2,5.1,12.5,.405,1.5,5.3,.294,3.5,7.3,.486,.467,2.1,3.1,.692,0.9,6.4,7.4,1.7,0.5,0.5,2.2,1.1,13.8
38,Bradley Beal\bealbr01,SG,27,WAS,58,58,35.7,11.1,22.8,.486,2.1,6.1,.349,8.9,16.7,.536,.532,6.8,7.6,.891,1.2,3.5,4.7,4.5,1.2,0.3,3.2,2.3,31.1
39,Malik Beasley\beaslma01,SG,24,MIN,37,36,32.8,7.1,16.2,.440,3.5,8.7,.399,3.7,7.5,.487,.547,1.8,2.2,.850,0.8,3.6,4.4,2.4,0.8,0.2,1.6,1.7,19.6
40,Jordan Bell\belljo01,C,26,WAS,5,1,13.4,1.4,4.0,.350,0.0,0.4,.000,1.4,3.6,.389,.350,0.0,0.0,,1.2,2.6,3.8,1.0,0.6,0.6,0.6,1.0,2.8
41,DeAndre' Bembry\bembrde01,SF,26,TOR,46,11,17.7,2.0,3.8,.531,0.2,0.8,.289,1.8,3.0,.597,.562,0.8,1.3,.672,0.7,2.1,2.7,1.9,0.8,0.3,1.3,1.6,5.2
42,Dāvis Bertāns\bertada01,PF,28,WAS,52,5,25.2,3.3,8.2,.403,2.9,7.4,.397,0.4,0.8,.455,.581,1.8,2.0,.885,0.3,2.7,3.0,0.9,0.6,0.3,0.6,2.4,11.3
43,Patrick Beverley\beverpa01,PG,32,LAC,33,31,23.0,2.6,6.1,.430,1.7,3.9,.423,0.9,2.1,.443,.568,1.1,1.3,.814,0.8,2.6,3.4,2.1,0.8,0.8,0.9,3.1,7.9
44,Saddiq Bey\beysa01,SF,21,DET,65,48,26.6,3.8,9.4,.405,2.4,6.4,.383,1.4,3.1,.452,.534,1.7,2.0,.862,0.6,3.8,4.5,1.3,0.8,0.2,0.8,1.6,11.8
45,Tyler Bey\beyty01,SF,22,DAL,13,0,3.8,0.5,1.4,.333,0.1,0.3,.250,0.4,1.1,.357,.361,0.2,0.4,.600,0.4,0.6,1.0,0.2,0.0,0.1,0.1,0.5,1.2
46,Khem Birch\birchkh01,C,28,TOT,62,17,22.0,2.6,5.2,.500,0.2,0.6,.275,2.4,4.5,.532,.517,1.3,1.9,.698,2.6,3.1,5.7,1.2,0.7,0.7,0.6,1.6,6.7
47,Goga Bitadze\bitadgo01,C,21,IND,39,2,11.6,1.9,4.1,.453,0.4,1.6,.262,1.5,2.6,.570,.503,0.9,1.2,.756,1.3,2.0,3.2,0.7,0.2,1.3,0.4,1.9,5.0
48,Bismack Biyombo\biyombi01,C,28,CHO,60,32,20.7,2.1,3.7,.579,0.0,0.0,.000,2.1,3.7,.582,.579,0.8,1.7,.446,2.1,3.2,5.3,1.3,0.3,1.1,1.1,2.1,5.0
49,Nemanja Bjelica\bjeline01,PF,32,TOT,35,1,15.3,2.2,5.0,.446,0.6,2.1,.270,1.7,2.9,.574,.503,1.0,1.3,.723,0.7,2.6,3.3,1.7,0.3,0.1,0.9,1.8,6.0
50,Eric Bledsoe\bledser01,SG,31,NOP,65,64,29.9,4.2,10.0,.419,1.8,5.0,.348,2.4,5.0,.491,.506,1.8,2.5,.709,0.4,3.0,3.4,3.7,0.8,0.3,1.6,1.6,12.0
51,Keljin Blevins\blevike01,SF,25,POR,14,0,4.9,0.3,1.4,.211,0.1,0.6,.250,0.1,0.8,.182,.263,0.0,0.0,,0.1,0.4,0.6,0.3,0.1,0.0,0.3,0.5,0.7
52,Bogdan Bogdanovic\bogdabo01,SG,28,ATL,41,24,29.3,5.9,12.7,.464,3.2,7.4,.431,2.7,5.3,.512,.590,0.8,0.9,.892,0.5,3.2,3.7,3.3,1.0,0.3,1.3,2.2,15.8
53,Bojan Bogdanovic\bogdabo02,SF,31,UTA,66,66,30.6,5.4,12.4,.434,2.5,6.4,.386,2.9,6.0,.485,.534,3.1,3.5,.875,0.5,3.3,3.8,1.9,0.6,0.1,1.7,1.6,16.3
54,Bol Bol\bolbo01,PF,21,DEN,29,2,4.7,0.8,1.7,.490,0.3,0.7,.429,0.5,1.0,.536,.582,0.3,0.5,.643,0.0,0.7,0.7,0.2,0.1,0.3,0.4,0.4,2.3
55,Marques Bolden\boldema01,C,22,CLE,6,0,4.8,0.2,0.5,.333,0.0,0.0,,0.2,0.5,.333,.333,0.8,1.3,.625,0.5,0.5,1.0,0.0,0.3,0.3,0.3,0.0,1.2
56,Jordan Bone\bonejo01,PG,23,ORL,14,0,14.0,1.6,3.9,.426,0.7,2.3,.313,0.9,1.6,.591,.519,0.0,0.0,,0.3,1.4,1.7,1.3,0.1,0.0,0.2,0.8,4.0
57,Isaac Bonga\bongais01,SF,21,WAS,40,8,10.8,0.8,2.0,.370,0.3,1.2,.277,0.4,0.9,.500,.451,0.1,0.2,.625,0.5,1.2,1.7,0.6,0.3,0.2,0.6,1.6,2.0
58,Devin Booker\bookede01,SG,24,PHO,62,62,33.9,9.5,19.4,.489,1.9,5.6,.342,7.6,13.9,.548,.538,4.8,5.6,.860,0.5,3.6,4.1,4.4,0.8,0.3,3.1,2.8,25.7
59,Chris Boucher\bouchch01,C,28,TOR,59,13,24.0,4.8,9.2,.519,1.5,3.8,.389,3.3,5.4,.611,.600,2.5,3.2,.787,2.0,4.8,6.7,1.1,0.6,1.9,0.8,2.8,13.6
60,Brian Bowen\bowenbr02,SF,22,IND,6,0,2.5,0.2,0.7,.250,0.0,0.2,.000,0.2,0.5,.333,.250,0.2,0.2,1.000,0.0,0.5,0.5,0.0,0.0,0.0,0.0,0.2,0.5
61,Avery Bradley\bradlav01,SG,30,TOT,27,6,22.3,2.4,6.3,.374,1.2,3.7,.327,1.1,2.6,.443,.471,0.4,0.6,.800,0.3,1.8,2.1,1.7,0.8,0.1,1.0,2.0,6.4
62,Tony Bradley\bradlto01,C,23,TOT,39,8,16.3,3.1,4.7,.670,0.0,0.1,.000,3.1,4.6,.682,.670,0.9,1.3,.667,2.1,3.6,5.7,0.8,0.4,0.7,0.8,1.4,7.1
63,Jarrell Brantley\brantja01,PF,24,UTA,25,0,5.0,0.9,1.8,.478,0.4,1.0,.423,0.4,0.8,.550,.598,0.1,0.1,1.000,0.3,0.7,1.0,0.5,0.2,0.1,0.2,0.7,2.3
64,Ignas Brazdeikis\brazdig01,SF,22,TOT,7,0,11.0,1.1,3.0,.381,0.3,0.6,.500,0.9,2.4,.353,.429,0.7,0.9,.833,0.4,1.1,1.6,0.4,0.3,0.0,0.4,1.1,3.3
65,Mikal Bridges\bridgmi01,SF,24,PHO,66,66,32.8,5.0,9.4,.535,1.8,4.5,.415,3.2,5.0,.643,.633,1.5,1.8,.825,1.1,3.2,4.3,2.2,1.0,0.9,0.8,1.6,13.4
66,Miles Bridges\bridgmi02,PF,22,CHO,64,18,29.0,4.6,9.1,.506,1.7,4.2,.405,2.9,4.9,.592,.599,1.5,1.7,.862,1.2,4.8,6.1,2.2,0.7,0.8,1.6,2.1,12.4
67,Amida Brimah\brimaam01,C,26,IND,5,0,5.8,1.0,1.6,.625,0.0,0.0,,1.0,1.6,.625,.625,0.6,0.6,1.000,0.4,1.2,1.6,0.2,0.0,1.0,0.8,0.8,2.6
68,Oshae Brissett\brissos01,SF,22,IND,15,10,23.3,3.2,6.7,.475,1.5,3.5,.415,1.7,3.2,.542,.584,2.3,2.9,.773,1.4,4.3,5.7,0.7,0.8,1.1,0.5,1.4,10.1
69,Malcolm Brogdon\brogdma01,PG,28,IND,56,56,34.5,7.9,17.5,.453,2.6,6.7,.388,5.3,10.8,.493,.527,2.7,3.2,.864,1.0,4.2,5.3,5.9,0.9,0.3,2.1,2.0,21.2
70,Armoni Brooks\brookar01,SG,22,HOU,14,5,23.0,2.8,8.0,.348,2.4,6.9,.344,0.4,1.1,.375,.496,0.2,0.5,.429,0.4,2.9,3.4,1.1,0.4,0.1,1.1,1.4,8.1
71,Dillon Brooks\brookdi01,SF,25,MEM,62,62,29.5,6.3,15.1,.417,1.9,5.5,.347,4.4,9.6,.457,.480,2.3,2.8,.829,0.8,2.1,2.9,2.3,1.1,0.4,1.8,3.6,16.8
72,Bruce Brown\brownbr01,PG,24,BRK,60,32,21.9,3.5,6.4,.547,0.3,0.9,.286,3.2,5.4,.592,.568,1.3,1.8,.736,1.7,3.4,5.2,1.5,0.9,0.4,0.9,2.2,8.5
73,Charlie Brown\brownch02,SG,23,OKC,4,1,16.0,1.3,5.3,.238,0.8,3.0,.250,0.5,2.3,.222,.310,0.5,0.5,1.000,0.3,1.8,2.0,0.8,0.8,0.3,1.0,1.5,3.8
74,Jaylen Brown\brownja02,SG,24,BOS,58,58,34.5,9.3,19.2,.484,2.8,7.1,.397,6.5,12.1,.536,.558,3.3,4.3,.764,1.2,4.8,6.0,3.4,1.2,0.6,2.7,2.9,24.7
75,Moses Brown\brownmo01,C,21,OKC,38,27,20.8,3.3,5.9,.549,0.0,0.0,,3.3,5.9,.549,.549,1.7,2.8,.619,3.4,5.2,8.6,0.2,0.7,0.9,1.0,2.2,8.2
76,Sterling Brown\brownst02,SG,25,HOU,51,14,24.1,2.9,6.6,.448,1.8,4.2,.423,1.2,2.4,.492,.584,0.5,0.6,.806,0.7,3.6,4.4,1.4,0.7,0.2,0.8,1.9,8.2
77,Troy Brown Jr.\browntr01,SF,21,TOT,34,0,15.4,1.8,4.2,.431,0.6,2.1,.314,1.2,2.2,.541,.507,0.4,0.6,.714,0.6,2.5,3.1,0.9,0.3,0.2,0.6,1.4,4.7
78,Jalen Brunson\brunsja01,PG,24,DAL,62,12,25.1,4.8,9.2,.522,1.1,2.9,.387,3.7,6.3,.584,.583,1.8,2.3,.797,0.4,3.0,3.5,3.4,0.5,0.0,1.2,1.6,12.6
79,Thomas Bryant\bryanth01,C,23,WAS,10,10,27.1,5.9,9.1,.648,0.9,2.1,.429,5.0,7.0,.714,.698,1.6,2.4,.667,1.8,4.3,6.1,1.5,0.4,0.8,1.1,3.1,14.3
80,Reggie Bullock\bullore01,SF,29,NYK,59,58,28.9,3.7,8.4,.445,2.4,5.9,.413,1.3,2.5,.524,.591,0.7,0.8,.896,0.2,3.1,3.4,1.5,0.8,0.2,0.7,2.2,10.6
81,Trey Burke\burketr01,PG,28,DAL,56,1,14.8,2.5,5.7,.436,1.0,2.6,.370,1.5,3.1,.491,.520,0.8,0.9,.885,0.1,0.7,0.9,1.3,0.6,0.1,0.5,1.0,6.8
82,Alec Burks\burksal01,SG,29,NYK,46,5,25.3,4.1,10.0,.410,2.0,4.8,.405,2.1,5.1,.415,.509,2.1,2.5,.850,0.4,4.0,4.4,2.2,0.7,0.3,1.0,2.0,12.2
83,Jimmy Butler\butleji01,SF,31,MIA,48,48,33.8,7.1,14.4,.493,0.4,1.9,.204,6.7,12.4,.539,.507,6.9,8.0,.865,1.8,5.2,7.0,7.2,2.1,0.4,2.1,1.4,21.5
84,Bruno Caboclo\cabocbr01,PF,25,HOU,6,0,6.0,1.3,2.8,.471,0.0,0.8,.000,1.3,2.0,.667,.471,0.2,0.3,.500,0.5,1.8,2.3,0.2,0.0,0.3,0.7,1.0,2.8
85,Devontae Cacok\cacokde01,PF,24,LAL,19,1,4.9,0.9,1.5,.607,0.0,0.0,,0.9,1.5,.607,.607,0.3,0.6,.455,0.6,1.1,1.7,0.1,0.3,0.2,0.3,0.4,2.1
86,Kentavious Caldwell-Pope\caldwke01,SG,27,LAL,61,61,27.9,3.2,7.5,.424,1.8,4.3,.410,1.4,3.2,.442,.540,1.4,1.6,.856,0.4,2.3,2.6,1.7,0.9,0.4,1.0,1.6,9.5
87,Facundo Campazzo\campafa01,PG,29,DEN,60,14,21.2,1.8,4.6,.395,1.2,3.2,.366,0.7,1.4,.459,.522,1.1,1.3,.861,0.3,1.6,1.9,3.4,1.2,0.2,1.1,2.1,5.9
88,Vlatko Čančar\cancavl01,PF,23,DEN,36,0,5.3,0.6,1.3,.417,0.2,0.7,.250,0.4,0.7,.583,.479,0.2,0.2,.875,0.3,0.8,1.1,0.3,0.3,0.1,0.3,0.4,1.5
89,Devin Cannady\cannade01,PG,24,ORL,8,0,9.3,1.4,3.5,.393,0.8,2.0,.375,0.6,1.5,.417,.500,0.8,0.9,.857,0.0,0.6,0.6,0.1,0.6,0.1,0.3,1.1,4.3
90,Clint Capela\capelca01,C,26,ATL,60,60,30.2,6.6,11.1,.594,0.0,0.0,,6.6,11.1,.594,.594,2.1,3.6,.575,4.7,9.6,14.3,0.8,0.7,2.1,1.2,2.3,15.3
91,Vernon Carey Jr.\careyve01,C,19,CHO,18,4,6.2,1.0,1.9,.514,0.1,0.4,.143,0.9,1.6,.607,.529,0.4,0.5,.889,0.3,1.1,1.4,0.1,0.1,0.2,0.3,0.7,2.5
92,Jevon Carter\carteje01,PG,25,PHO,54,0,11.6,1.5,3.5,.418,0.9,2.5,.373,0.5,1.0,.527,.550,0.1,0.1,.500,0.2,1.2,1.4,1.1,0.5,0.2,0.3,1.0,3.9
93,Wendell Carter Jr.\cartewe01,C,21,TOT,51,41,25.4,4.4,8.5,.517,0.3,0.9,.319,4.1,7.5,.542,.535,2.5,3.4,.731,2.4,5.7,8.0,1.9,0.7,0.8,1.5,2.7,11.5
94,Michael Carter-Williams\cartemi01,SG,29,ORL,31,25,25.8,3.4,8.7,.389,0.5,2.0,.246,2.9,6.7,.431,.417,1.6,2.6,.613,1.3,3.2,4.5,4.2,0.8,0.5,2.2,2.6,8.8
95,Alex Caruso\carusal01,PG,26,LAL,54,3,20.8,2.1,5.0,.428,0.9,2.4,.398,1.2,2.6,.454,.522,0.8,1.3,.662,0.5,2.4,2.9,2.6,1.1,0.3,1.3,1.8,6.0
96,Willie Cauley-Stein\caulewi01,C,27,DAL,47,13,17.3,2.2,3.5,.620,0.0,0.2,.100,2.2,3.3,.654,.623,1.0,1.5,.625,1.3,3.2,4.4,0.7,0.4,0.8,0.5,2.3,5.4
97,Chris Chiozza\chiozch01,PG,25,BRK,22,1,10.5,1.4,4.0,.352,0.6,1.9,.310,0.8,2.1,.391,.426,0.6,0.8,.765,0.1,1.0,1.1,3.0,0.3,0.3,0.7,0.9,4.0
98,Marquese Chriss\chrisma01,PF,23,GSW,2,0,13.5,2.5,7.0,.357,0.5,2.5,.200,2.0,4.5,.444,.393,1.0,2.0,.500,1.5,5.0,6.5,1.0,0.0,1.0,1.0,1.5,6.5
99,Gary Clark\clarkga01,SF,26,TOT,37,11,17.3,1.1,3.5,.305,0.8,2.9,.287,0.2,0.6,.391,.424,0.2,0.3,.800,0.9,2.2,3.1,0.8,0.3,0.2,0.5,0.9,3.2
100,Brandon Clarke\clarkbr01,PF,24,MEM,54,16,24.6,4.5,8.6,.517,0.4,1.3,.282,4.1,7.3,.559,.539,1.3,1.9,.686,1.6,4.0,5.6,1.7,1.0,0.9,0.6,1.4,10.6
101,Jordan Clarkson\clarkjo01,SG,28,UTA,62,1,26.3,6.4,15.3,.419,2.9,8.6,.342,3.5,6.7,.518,.515,1.8,1.9,.917,0.7,3.3,4.0,2.4,0.9,0.1,1.7,1.5,17.5
102,Nicolas Claxton\claxtni01,C,21,BRK,27,1,18.0,2.6,4.5,.587,0.0,0.2,.200,2.6,4.3,.603,.591,0.9,1.7,.500,1.4,3.6,5.0,1.0,0.7,1.1,0.5,2.0,6.1
103,Amir Coffey\coffeam01,SG,23,LAC,44,1,9.0,1.0,2.3,.437,0.5,1.3,.411,0.5,1.1,.468,.549,0.6,0.9,.711,0.2,0.8,1.0,0.5,0.2,0.0,0.3,0.7,3.2
104,John Collins\collijo01,PF,23,ATL,59,59,29.6,6.9,12.4,.556,1.3,3.3,.385,5.6,9.1,.618,.607,2.6,3.1,.827,1.9,5.6,7.5,1.3,0.6,1.0,1.3,3.1,17.6
105,Mike Conley\conlemi01,PG,33,UTA,49,49,29.8,5.7,12.7,.446,2.7,6.7,.407,2.9,6.0,.490,.554,2.4,2.8,.853,0.7,2.7,3.4,6.0,1.4,0.2,2.0,1.9,16.4
106,Pat Connaughton\connapa01,SG,28,MIL,63,3,22.9,2.5,5.6,.446,1.5,3.9,.386,1.0,1.7,.585,.581,0.4,0.6,.757,0.9,3.8,4.7,1.2,0.7,0.3,0.5,1.5,6.9
107,Quinn Cook\cookqu01,PG,27,TOT,23,0,6.8,1.3,3.0,.426,0.5,1.1,.423,0.8,1.8,.429,.507,0.3,0.3,.875,0.1,0.7,0.7,0.8,0.2,0.0,0.3,0.4,3.3
108,Tyler Cook\cookty01,SF-PF,23,TOT,27,1,11.9,1.8,2.7,.649,0.0,0.1,.500,1.7,2.7,.653,.655,0.4,0.9,.480,0.8,1.8,2.6,0.5,0.2,0.0,0.6,1.1,4.0
109,DeMarcus Cousins\couside01,C,30,TOT,37,11,18.1,3.2,7.7,.416,1.3,3.6,.351,1.9,4.1,.474,.498,1.5,2.1,.718,1.4,5.4,6.8,2.0,0.7,0.6,1.6,2.6,9.2
110,Robert Covington\covinro01,PF,30,POR,64,64,32.0,3.0,7.4,.408,2.0,5.1,.387,1.0,2.3,.455,.541,0.7,0.9,.825,0.9,5.8,6.7,1.7,1.5,1.2,1.0,2.7,8.7
111,Torrey Craig\craigto01,SF,30,TOT,44,6,15.4,2.0,4.3,.481,0.7,2.0,.372,1.3,2.3,.574,.567,0.3,0.4,.722,1.1,2.7,3.8,0.9,0.5,0.5,0.5,1.6,5.1
112,Jae Crowder\crowdja01,PF,30,PHO,55,39,27.4,3.3,8.1,.401,2.4,6.2,.381,0.9,1.9,.467,.547,0.9,1.2,.761,0.5,4.3,4.8,2.1,0.8,0.4,0.9,2.0,9.8
113,Jarrett Culver\culveja01,SG,21,MIN,34,7,14.7,2.0,4.9,.411,0.4,1.6,.245,1.6,3.4,.487,.449,0.9,1.4,.604,1.0,2.1,3.1,0.7,0.5,0.3,0.8,1.7,5.3
114,Seth Curry\curryse01,SG,30,PHI,53,53,28.7,4.5,9.8,.460,2.2,4.9,.440,2.3,4.9,.481,.571,1.3,1.4,.905,0.2,2.1,2.3,2.7,0.8,0.2,1.2,1.6,12.4
115,Stephen Curry\curryst01,PG,32,GSW,59,59,34.1,10.3,21.3,.486,5.3,12.4,.426,5.0,8.8,.569,.610,5.6,6.1,.914,0.5,5.1,5.5,5.8,1.2,0.1,3.4,1.9,31.6
116,Nate Darling\darlina01,SG,22,CHO,7,0,3.7,0.3,1.0,.286,0.3,1.0,.286,0.0,0.0,,.429,0.4,0.4,1.000,0.1,0.0,0.1,0.1,0.0,0.1,0.1,0.1,1.3
117,Anthony Davis\davisan02,PF,27,LAL,31,31,31.4,8.2,16.5,.498,0.7,2.7,.262,7.5,13.7,.545,.520,3.7,5.2,.720,1.7,6.0,7.8,2.9,1.2,1.8,2.0,1.8,20.8
118,Ed Davis\davised01,C,31,MIN,22,7,13.3,0.9,2.0,.432,0.0,0.0,,0.9,2.0,.432,.432,0.5,0.5,.833,2.1,3.0,5.1,1.0,0.6,0.6,0.3,2.5,2.2
119,Terence Davis\daviste02,SG,23,TOT,55,4,16.2,2.8,6.7,.420,1.4,4.0,.357,1.4,2.7,.514,.527,0.6,0.7,.816,0.3,2.0,2.3,1.2,0.6,0.2,1.0,1.5,7.6
120,Gabriel Deck\deckga01,PF,25,OKC,5,0,19.4,3.2,7.4,.432,0.2,1.8,.111,3.0,5.6,.536,.446,2.0,2.6,.769,1.8,2.8,4.6,2.8,0.8,0.0,0.4,1.0,8.6
121,Dewayne Dedmon\dedmode01,C,31,MIA,11,0,13.2,3.2,4.3,.745,0.0,0.3,.000,3.2,4.0,.795,.745,1.7,2.0,.864,2.1,3.8,5.9,0.6,0.6,0.5,0.8,1.8,8.1
122,Matthew Dellavedova\dellama01,PG,30,CLE,13,1,17.2,1.1,4.3,.250,0.3,1.9,.160,0.8,2.4,.323,.286,0.3,0.3,1.000,0.5,1.4,1.8,4.5,0.3,0.1,0.5,1.6,2.8
123,DeMar DeRozan\derozde01,PF,31,SAS,55,55,34.0,7.4,15.1,.490,0.3,1.3,.247,7.1,13.7,.514,.501,6.3,7.1,.885,0.7,3.6,4.3,7.3,0.9,0.3,1.9,2.1,21.4
124,Mamadi Diakite\diakima01,PF,24,MIL,12,0,8.5,1.0,2.4,.414,0.1,0.6,.143,0.9,1.8,.500,.431,0.5,0.5,1.000,0.5,1.8,2.3,0.5,0.3,0.4,0.3,1.0,2.6
125,Hamidou Diallo\diallha01,SG-SF,22,TOT,50,7,23.2,4.2,8.9,.477,0.5,1.5,.365,3.7,7.4,.500,.508,2.4,3.8,.638,1.2,3.9,5.1,1.9,0.8,0.4,1.4,2.5,11.4
126,Gorgui Dieng\dienggo01,C,31,TOT,33,1,15.1,2.2,4.2,.507,0.8,1.9,.438,1.3,2.3,.566,.607,1.6,1.9,.857,1.1,2.7,3.8,1.2,0.7,0.5,0.8,1.6,6.8
127,Spencer Dinwiddie\dinwisp01,SG,27,BRK,3,3,21.3,2.0,5.3,.375,0.7,2.3,.286,1.3,3.0,.444,.438,2.0,2.0,1.000,0.0,4.3,4.3,3.0,0.7,0.3,1.7,1.3,6.7
128,Donte DiVincenzo\divindo01,SG,24,MIL,61,61,27.3,3.8,9.1,.416,1.9,5.0,.377,1.9,4.0,.465,.521,0.7,1.0,.721,1.3,4.4,5.7,3.0,1.1,0.2,1.4,1.7,10.2
129,Luka Doncic\doncilu01,PG,21,DAL,60,60,35.1,10.1,20.9,.484,3.0,8.5,.357,7.1,12.4,.570,.556,5.3,7.4,.719,0.8,7.3,8.1,8.9,1.0,0.6,4.4,2.3,28.5
130,Luguentz Dort\dortlu01,SG,21,OKC,51,51,29.8,4.7,12.3,.387,2.2,6.3,.342,2.6,6.0,.434,.474,2.3,3.1,.744,0.7,2.9,3.6,1.7,0.9,0.4,1.5,2.6,14.0
131,Damyean Dotson\dotsoda01,SG,26,CLE,41,6,19.1,2.5,6.2,.398,0.9,3.3,.284,1.6,3.0,.525,.473,0.6,0.8,.676,0.1,1.9,2.0,2.0,0.4,0.1,0.9,1.0,6.5
132,Devon Dotson\dotsode01,PG,21,CHI,8,0,3.1,0.5,1.0,.500,0.0,0.1,.000,0.5,0.9,.571,.500,0.0,0.0,,0.3,0.1,0.4,0.4,0.3,0.0,0.0,0.1,1.0
133,Sekou Doumbouya\doumbse01,PF,20,DET,53,9,15.0,1.8,4.9,.375,0.5,2.1,.229,1.4,2.9,.480,.423,0.7,0.9,.714,0.6,1.8,2.5,0.8,0.4,0.1,0.7,1.6,4.8
134,PJ Dozier\doziepj01,SG,24,DEN,50,6,21.8,3.0,7.1,.417,0.9,3.0,.315,2.0,4.1,.490,.483,0.8,1.3,.636,0.7,2.9,3.6,1.8,0.6,0.4,0.9,1.7,7.7
135,Goran Dragić\dragigo01,PG,34,MIA,45,11,26.7,4.7,10.8,.430,1.6,4.7,.351,3.0,6.2,.491,.506,2.2,2.6,.829,0.5,3.0,3.5,4.5,0.7,0.2,2.4,2.2,13.1
136,Andre Drummond\drumman01,C,27,TOT,40,40,27.3,6.3,12.9,.489,0.0,0.2,.000,6.3,12.7,.497,.489,2.8,4.6,.607,3.5,8.4,11.9,2.1,1.5,1.1,2.8,3.2,15.4
137,Jared Dudley\dudleja01,PF,35,LAL,11,0,6.9,0.2,0.6,.286,0.2,0.5,.400,0.0,0.2,.000,.429,0.0,0.0,,0.4,1.4,1.7,0.5,0.1,0.1,0.2,0.6,0.5
138,Kris Dunn\dunnkr01,PG,26,ATL,4,0,11.3,0.3,3.0,.083,0.0,0.5,.000,0.3,2.5,.100,.083,0.8,1.0,.750,0.0,1.5,1.5,0.5,0.5,0.5,0.8,2.5,1.3
139,Kevin Durant\duranke01,PF,32,BRK,30,27,33.2,9.7,18.0,.538,2.6,5.6,.467,7.0,12.3,.570,.611,6.0,6.9,.879,0.4,6.5,6.9,5.1,0.7,1.2,3.5,2.1,28.0
140,Anthony Edwards\edwaran01,SG,19,MIN,66,49,31.8,6.9,16.8,.410,2.3,7.2,.328,4.5,9.7,.470,.480,2.8,3.6,.771,0.8,3.8,4.7,2.8,1.2,0.5,2.2,1.7,18.9
141,Carsen Edwards\edwarca01,SG,22,BOS,26,1,8.4,1.5,3.4,.449,0.5,1.8,.292,1.0,1.6,.634,.528,0.3,0.4,.818,0.1,0.7,0.8,0.4,0.2,0.0,0.2,0.9,4.0
142,CJ Elleby\ellebcj01,SF,20,POR,26,0,6.9,0.8,2.3,.373,0.3,1.2,.226,0.6,1.1,.536,.432,0.4,0.6,.733,0.4,0.7,1.2,0.4,0.2,0.1,0.2,1.0,2.4
143,Henry Ellenson\ellenhe01,PF,24,TOR,2,0,19.0,2.5,7.0,.357,1.0,4.5,.222,1.5,2.5,.600,.429,1.5,2.0,.750,1.5,4.5,6.0,2.5,0.0,0.0,0.0,3.5,7.5
144,Wayne Ellington\ellinwa01,SG,33,DET,45,30,22.0,3.3,7.4,.447,2.6,6.0,.428,0.7,1.4,.532,.621,0.6,0.8,.800,0.3,1.6,1.9,1.4,0.4,0.2,0.7,1.3,9.8
145,Joel Embiid\embiijo01,C,26,PHI,47,47,31.5,9.2,18.0,.511,1.1,3.1,.363,8.1,14.9,.541,.542,9.5,11.1,.855,2.3,8.4,10.8,2.9,1.0,1.4,3.1,2.4,29.1
146,James Ennis\ennisja01,SF,30,ORL,41,37,24.0,2.8,5.9,.473,1.1,2.5,.433,1.7,3.4,.504,.566,1.7,2.1,.805,1.0,3.0,4.0,1.5,0.8,0.2,0.9,2.0,8.4
147,Drew Eubanks\eubandr01,C,23,SAS,47,2,14.0,2.2,3.8,.573,0.0,0.0,1.000,2.1,3.7,.568,.579,1.4,2.0,.705,1.2,3.1,4.3,0.8,0.4,1.0,0.8,1.6,5.8
148,Dante Exum\exumda01,SG,25,CLE,6,3,19.3,1.7,4.3,.385,0.3,1.8,.182,1.3,2.5,.533,.423,0.2,0.3,.500,0.3,2.5,2.8,2.2,0.7,0.3,1.2,1.5,3.8
149,Tacko Fall\fallta01,C,25,BOS,16,0,6.6,1.2,1.6,.760,0.0,0.0,,1.2,1.6,.760,.760,0.3,0.8,.308,0.7,1.9,2.6,0.1,0.1,1.0,0.3,1.0,2.6
150,Derrick Favors\favorde01,C,29,UTA,62,0,15.4,2.3,3.6,.628,0.0,0.0,.000,2.3,3.6,.634,.628,0.9,1.2,.727,2.1,3.5,5.6,0.7,0.5,1.0,0.6,2.2,5.5
151,Cristiano Felício\feliccr01,C,28,CHI,15,0,4.1,0.3,0.5,.571,0.0,0.1,.000,0.3,0.4,.667,.571,0.4,0.7,.600,0.4,0.5,0.9,0.5,0.1,0.0,0.3,0.5,0.9
152,Terrance Ferguson\fergute01,SG,22,PHI,13,0,3.8,0.1,0.5,.143,0.0,0.4,.000,0.1,0.2,.500,.143,0.0,0.0,,0.0,0.1,0.1,0.2,0.1,0.0,0.3,0.5,0.2
153,Bruno Fernando\fernabr01,C,22,ATL,31,0,6.5,0.5,1.1,.412,0.0,0.1,.000,0.5,1.0,.438,.412,0.4,0.6,.650,0.5,1.7,2.2,0.3,0.1,0.1,0.7,0.7,1.3
154,Yogi Ferrell\ferreyo01,PG,27,TOT,6,0,12.2,2.0,5.5,.364,1.0,2.7,.375,1.0,2.8,.353,.455,0.5,0.8,.600,0.5,0.8,1.3,2.7,0.7,0.2,0.5,0.8,5.5
155,Dorian Finney-Smith\finnedo01,PF,27,DAL,54,54,32.6,3.7,7.8,.470,2.0,5.1,.400,1.6,2.7,.601,.600,0.6,0.7,.769,1.8,3.9,5.6,1.7,0.9,0.4,0.8,2.3,10.0
156,Malik Fitts\fittsma01,PF,23,LAC,3,0,3.7,0.3,1.0,.333,0.3,0.7,.500,0.0,0.3,.000,.500,0.0,0.0,,0.0,1.0,1.0,0.0,0.0,0.0,0.0,1.0,1.0
157,Malachi Flynn\flynnma01,PG,22,TOR,42,9,17.8,2.2,6.1,.362,0.9,2.9,.311,1.3,3.2,.407,.436,0.8,1.0,.810,0.2,2.0,2.2,2.7,0.7,0.1,0.9,1.3,6.1
158,Bryn Forbes\forbebr01,SG,27,MIL,65,10,19.6,3.6,7.7,.469,2.2,4.9,.445,1.4,2.8,.511,.611,0.7,0.8,.782,0.2,1.5,1.6,0.6,0.3,0.0,0.6,1.1,10.0
159,Trent Forrest\forretr01,PG,22,UTA,24,0,8.4,0.8,1.7,.488,0.1,0.5,.231,0.7,1.2,.607,.524,0.3,0.3,1.000,0.0,0.9,1.0,1.4,0.2,0.1,0.5,0.6,2.1
160,Evan Fournier\fournev01,SF-SG,28,TOT,37,31,29.6,5.7,12.6,.449,2.6,6.6,.389,3.1,6.1,.513,.550,2.8,3.5,.794,0.2,2.8,3.0,3.2,1.2,0.4,1.8,2.2,16.7
161,De'Aaron Fox\foxde01,PG,23,SAC,58,58,35.1,9.1,19.1,.477,1.8,5.5,.322,7.3,13.6,.539,.523,5.2,7.2,.719,0.6,2.9,3.5,7.2,1.5,0.5,3.0,2.9,25.2
162,Robert Franks\frankro01,PF,24,ORL,7,0,14.4,1.9,4.0,.464,0.7,2.1,.333,1.1,1.9,.615,.554,1.7,1.9,.923,0.9,1.1,2.0,0.7,0.4,0.4,0.3,1.1,6.1
163,Tim Frazier\fraziti01,PG,30,MEM,3,0,11.0,0.7,2.7,.250,0.0,0.7,.000,0.7,2.0,.333,.250,0.0,0.0,,0.0,1.3,1.3,2.3,0.3,0.0,1.0,1.3,1.3
164,Markelle Fultz\fultzma01,PG,22,ORL,8,8,26.9,5.1,13.0,.394,0.5,2.0,.250,4.6,11.0,.420,.413,2.1,2.4,.895,0.6,2.5,3.1,5.4,1.0,0.3,2.3,2.3,12.9
165,Wenyen Gabriel\gabriwe01,PF,23,NOP,15,0,7.1,0.5,1.6,.333,0.3,0.7,.364,0.3,0.9,.308,.417,0.3,0.6,.556,0.6,0.9,1.5,0.5,0.3,0.2,0.7,0.9,1.7
166,Daniel Gafford\gaffoda01,PF-C,22,TOT,49,11,14.4,2.8,4.0,.692,0.0,0.0,,2.8,4.0,.692,.692,1.2,2.0,.625,1.7,2.6,4.3,0.5,0.5,1.4,0.7,1.8,6.8
167,Danilo Gallinari\gallida01,PF,32,ATL,48,4,24.0,4.1,9.4,.435,2.1,5.1,.413,2.0,4.3,.461,.547,3.3,3.6,.924,0.4,3.8,4.1,1.5,0.6,0.2,0.9,2.0,13.6
168,Langston Galloway\gallola01,SG,29,PHO,37,0,10.6,1.6,3.4,.468,0.9,2.0,.452,0.7,1.4,.491,.599,0.5,0.5,.950,0.1,0.9,1.1,0.6,0.2,0.0,0.4,0.6,4.6
169,Darius Garland\garlada01,PG,21,CLE,53,50,33.5,6.8,15.1,.452,2.0,5.0,.394,4.8,10.1,.480,.517,2.1,2.5,.848,0.4,2.0,2.4,6.2,1.2,0.1,3.1,2.1,17.7
170,Marc Gasol\gasolma01,C,36,LAL,48,42,18.9,1.8,3.9,.457,1.0,2.4,.405,0.8,1.5,.543,.583,0.7,1.0,.729,0.8,3.3,4.1,2.0,0.5,1.1,1.1,2.2,5.3
171,Rudy Gay\gayru01,PF,34,SAS,57,1,21.6,4.2,9.9,.423,1.6,4.2,.388,2.5,5.6,.449,.506,1.3,1.6,.791,0.7,4.1,4.8,1.4,0.7,0.6,1.1,1.9,11.3
172,Paul George\georgpa01,SF,30,LAC,51,51,33.5,8.3,17.6,.473,3.2,7.5,.421,5.2,10.1,.512,.563,3.8,4.3,.873,0.8,5.8,6.6,5.2,1.2,0.5,3.3,2.5,23.6
173,Taj Gibson\gibsota01,PF,35,NYK,39,3,20.6,2.1,3.4,.619,0.1,0.4,.200,2.1,3.1,.672,.631,0.8,1.2,.689,2.2,3.3,5.5,0.7,0.7,1.0,0.5,2.3,5.1
174,Harry Giles\gilesha01,C,22,POR,35,0,9.6,1.2,2.6,.446,0.2,0.6,.381,0.9,2.0,.465,.489,0.5,0.7,.640,0.9,2.7,3.6,0.7,0.2,0.3,0.5,1.5,3.0
175,Shai Gilgeous-Alexander\gilgesh01,SG,22,OKC,35,35,33.7,8.2,16.1,.508,2.0,4.9,.418,6.2,11.3,.547,.571,5.3,6.5,.808,0.5,4.2,4.7,5.9,0.8,0.7,3.0,2.0,23.7
176,Anthony Gill\gillan01,PF,28,WAS,24,4,7.9,1.2,2.3,.500,0.3,1.0,.292,0.9,1.3,.656,.563,0.2,0.3,.625,0.6,1.3,1.8,0.4,0.3,0.1,0.3,1.0,2.8
177,Freddie Gillespie\gillefr01,PF,23,TOR,15,0,15.8,2.2,3.9,.559,0.0,0.0,,2.2,3.9,.559,.559,1.1,1.5,.727,1.9,2.1,4.0,0.4,0.5,0.9,0.5,2.0,5.5
178,Rudy Gobert\goberru01,C,28,UTA,65,65,30.8,5.5,8.2,.677,0.0,0.0,.000,5.5,8.1,.681,.677,3.3,5.4,.621,3.3,10.0,13.4,1.2,0.6,2.8,1.6,2.3,14.4
179,Brandon Goodwin\goodwbr01,PG,25,ATL,46,5,13.3,1.8,4.8,.373,0.7,2.2,.304,1.1,2.6,.432,.443,0.6,0.9,.651,0.2,1.3,1.5,2.1,0.3,0.0,0.8,0.9,4.8
180,Aaron Gordon\gordoaa01,PF,25,TOT,46,46,27.9,4.6,10.0,.457,1.2,3.6,.341,3.3,6.4,.522,.518,2.1,3.2,.651,1.5,4.3,5.8,3.3,0.6,0.7,2.1,1.9,12.5
181,Eric Gordon\gordoer01,SG,32,HOU,27,13,29.2,5.9,13.6,.433,2.6,7.8,.329,3.3,5.8,.573,.527,3.5,4.2,.825,0.3,1.9,2.1,2.6,0.5,0.5,1.9,1.6,17.8
182,Devonte' Graham\grahade01,PG,25,CHO,51,44,30.0,4.5,12.1,.374,3.2,8.6,.373,1.3,3.5,.376,.506,2.3,2.7,.821,0.4,2.3,2.7,5.4,0.9,0.1,1.6,1.4,14.5
183,Jerami Grant\grantje01,SF,26,DET,53,53,34.1,7.5,17.4,.428,2.2,6.1,.354,5.3,11.3,.469,.491,5.4,6.4,.849,0.7,4.0,4.6,2.8,0.7,1.1,2.0,2.3,22.5
184,Danny Green\greenda02,SF,33,PHI,64,64,28.1,3.3,7.9,.417,2.5,6.3,.408,0.7,1.6,.452,.578,0.4,0.5,.771,0.8,3.0,3.8,1.7,1.4,0.8,1.0,1.9,9.5
185,Draymond Green\greendr01,PF,30,GSW,59,59,31.2,2.6,5.9,.437,0.5,1.9,.252,2.1,3.9,.528,.478,1.0,1.3,.766,0.9,6.2,7.1,8.7,1.6,0.8,3.1,3.1,6.6
186,JaMychal Green\greenja01,PF,30,DEN,52,4,18.9,3.0,6.4,.468,1.3,3.3,.402,1.7,3.1,.541,.574,0.8,0.9,.833,1.5,3.5,4.9,0.8,0.5,0.4,0.9,2.4,8.1
187,Javonte Green\greenja02,SG-PG,27,TOT,35,2,11.4,1.2,2.4,.506,0.2,0.7,.292,1.0,1.7,.590,.547,0.7,1.0,.722,0.7,1.1,1.8,0.4,0.6,0.1,0.5,1.0,3.4
188,Jeff Green\greenje02,C,34,BRK,63,38,27.4,3.7,7.7,.477,1.4,3.6,.392,2.3,4.1,.552,.569,1.9,2.4,.771,0.5,3.4,3.9,1.7,0.6,0.4,0.8,1.8,10.7
189,Josh Green\greenjo02,SG,20,DAL,34,5,10.7,1.0,2.2,.446,0.1,0.6,.143,0.9,1.6,.566,.466,0.3,0.5,.647,0.7,1.2,1.9,0.6,0.4,0.1,0.5,0.7,2.4
190,Blake Griffin\griffbl01,PF,31,TOT,41,25,26.2,3.7,9.0,.410,1.5,4.6,.335,2.2,4.5,.486,.495,2.0,2.7,.743,0.7,4.4,5.1,3.1,0.7,0.3,1.5,2.4,10.9
191,Kyle Guy\guyky01,PG,23,SAC,27,0,7.2,0.9,2.8,.333,0.4,1.5,.250,0.6,1.3,.429,.400,0.5,0.6,.875,0.2,0.9,1.0,0.9,0.1,0.0,0.3,0.6,2.7
192,Rui Hachimura\hachiru01,PF,22,WAS,52,52,31.5,5.3,11.1,.478,0.8,2.4,.331,4.5,8.7,.518,.513,2.3,3.0,.772,0.9,4.7,5.5,1.5,0.8,0.1,1.3,2.1,13.8
193,Ashton Hagans\haganas01,PG,21,MIN,2,0,2.0,0.0,0.0,,0.0,0.0,,0.0,0.0,,,0.0,0.0,,0.0,0.0,0.0,0.0,0.0,0.0,0.5,0.0,0.0
194,Tyrese Haliburton\halibty01,PG,20,SAC,58,20,30.1,5.0,10.7,.472,2.1,5.1,.409,2.9,5.6,.529,.569,0.8,1.0,.857,0.7,2.3,3.0,5.3,1.3,0.5,1.6,1.4,13.0
195,Donta Hall\halldo01,PF,23,ORL,8,0,11.5,1.1,1.8,.643,0.0,0.0,,1.1,1.8,.643,.643,0.9,1.5,.583,1.8,2.6,4.4,0.9,0.5,0.8,0.4,1.0,3.1
196,Josh Hall\halljo01,SF,20,OKC,18,0,13.9,1.0,3.8,.265,0.2,1.5,.111,0.8,2.3,.366,.287,1.1,2.0,.556,0.3,2.2,2.4,1.2,0.2,0.1,1.1,1.3,3.3
197,R.J. Hampton\hamptrj01,PG-SG,19,TOT,46,1,16.2,2.3,5.4,.429,0.5,1.5,.296,1.8,3.8,.483,.472,1.0,1.4,.703,0.5,2.7,3.2,1.3,0.5,0.2,0.9,1.2,6.0
198,Tim Hardaway Jr.\hardati02,SG,28,DAL,64,25,28.5,5.8,13.1,.441,2.9,7.5,.390,2.8,5.5,.510,.553,1.9,2.4,.795,0.3,3.1,3.4,1.7,0.4,0.2,1.0,1.6,16.4
199,James Harden\hardeja01,PG-SG,31,TOT,42,42,37.1,8.0,17.2,.463,2.8,7.8,.358,5.2,9.4,.549,.544,6.5,7.5,.870,0.8,7.2,8.0,10.9,1.2,0.7,4.1,2.3,25.2
200,Maurice Harkless\harklma01,PF-SF,27,TOT,32,18,19.9,1.7,3.9,.424,0.5,2.0,.254,1.2,1.9,.597,.488,0.8,0.9,.800,0.4,1.8,2.2,0.9,0.8,0.5,0.6,2.2,4.6
201,Jared Harper\harpeja01,PG,23,NYK,7,0,2.1,0.0,0.6,.000,0.0,0.1,.000,0.0,0.4,.000,.000,0.4,0.6,.750,0.0,0.1,0.1,0.1,0.0,0.0,0.3,0.1,0.4
202,Montrezl Harrell\harremo01,C,27,LAL,65,1,23.3,5.5,8.8,.624,0.0,0.2,.000,5.5,8.7,.635,.624,2.7,3.8,.706,2.4,4.0,6.4,1.1,0.7,0.8,1.1,1.9,13.7
203,Gary Harris\harriga01,SG,26,TOT,33,32,28.7,3.5,8.9,.399,1.2,3.6,.339,2.3,5.3,.440,.468,1.8,2.2,.811,0.5,1.7,2.2,2.1,0.8,0.3,0.9,2.0,10.1
204,Jalen Harris\harrija01,SG,22,TOR,9,0,6.0,0.9,2.0,.444,0.7,1.0,.667,0.2,1.0,.222,.611,0.0,0.0,,0.2,0.4,0.7,0.6,0.3,0.0,0.3,0.7,2.4
205,Joe Harris\harrijo01,SF,29,BRK,67,63,31.0,5.2,10.2,.507,3.1,6.5,.478,2.1,3.8,.556,.658,0.7,0.9,.774,0.6,2.9,3.6,1.8,0.7,0.2,0.9,2.0,14.2
206,Tobias Harris\harrito02,PF,28,PHI,57,57,32.6,7.7,14.8,.520,1.3,3.3,.402,6.3,11.4,.554,.565,2.9,3.3,.894,1.0,5.9,6.9,3.6,0.9,0.8,1.8,2.0,19.6
207,Shaquille Harrison\harrish01,SG,27,TOT,28,0,8.0,0.8,2.0,.386,0.1,0.3,.333,0.7,1.7,.396,.412,0.5,0.6,.833,0.2,1.0,1.1,0.5,0.5,0.1,0.3,0.8,2.2
208,Josh Hart\hartjo01,SF,25,NOP,47,4,28.7,3.2,7.3,.439,1.3,4.1,.326,1.9,3.2,.583,.531,1.5,1.9,.775,1.1,6.9,8.0,2.3,0.8,0.3,1.0,2.4,9.2
209,Isaiah Hartenstein\harteis01,C,22,TOT,45,2,12.1,2.1,3.7,.560,0.0,0.1,.333,2.0,3.6,.569,.566,1.0,1.6,.648,1.4,2.6,4.0,1.2,0.4,0.9,0.9,2.2,5.2
210,Jaxson Hayes\hayesja02,C,20,NOP,54,3,15.3,2.6,3.9,.656,0.1,0.1,.429,2.5,3.8,.663,.663,1.4,1.7,.787,1.4,2.7,4.0,0.5,0.4,0.5,0.7,1.7,6.6
211,Killian Hayes\hayeski01,PG,19,DET,21,14,24.1,2.3,7.0,.331,0.6,2.3,.245,1.8,4.7,.374,.372,0.5,0.6,.769,0.2,2.2,2.5,5.0,1.2,0.4,3.1,2.1,5.7
212,Gordon Hayward\haywago01,SF,30,CHO,44,44,34.0,7.1,15.0,.473,1.9,4.7,.415,5.1,10.3,.499,.537,3.5,4.2,.843,0.8,5.0,5.9,4.1,1.2,0.3,2.1,1.7,19.6
213,Juan Hernangómez\hernaju01,PF,25,MIN,47,6,17.4,2.6,5.8,.449,1.1,3.2,.342,1.5,2.6,.582,.544,1.2,1.9,.644,0.9,3.1,4.0,0.6,0.4,0.1,0.4,0.9,7.6
214,Willy Hernangómez\hernawi01,C,26,NOP,41,6,17.0,2.9,5.1,.569,0.0,0.2,.100,2.9,4.9,.592,.571,1.2,1.7,.686,2.3,4.2,6.6,0.9,0.4,0.5,0.6,1.3,7.0
215,Tyler Herro\herroty01,SG,21,MIA,48,14,30.7,5.6,13.1,.427,1.9,5.5,.344,3.7,7.6,.488,.499,1.9,2.3,.809,0.5,4.4,4.9,3.4,0.7,0.4,1.9,1.3,14.9
216,Buddy Hield\hieldbu01,SG,28,SAC,65,65,34.5,5.7,14.1,.405,4.0,10.2,.392,1.7,3.9,.438,.547,1.3,1.5,.848,0.4,4.4,4.7,3.4,0.9,0.4,1.8,2.5,16.7
217,George Hill\hillge01,PG,34,TOT,24,16,23.1,3.3,6.8,.485,1.0,2.8,.373,2.3,4.0,.563,.561,1.3,1.7,.780,0.6,1.6,2.3,2.6,0.8,0.2,1.0,0.9,9.0
218,Solomon Hill\hillso01,PF,29,ATL,67,14,21.5,1.6,4.3,.365,1.0,3.0,.325,0.6,1.3,.459,.479,0.5,0.6,.762,0.6,2.4,3.0,1.0,0.7,0.2,0.6,1.7,4.6
219,Nate Hinton\hintona01,SG,21,DAL,16,0,3.6,0.6,1.4,.391,0.1,0.5,.125,0.5,0.9,.533,.413,0.3,0.4,.667,0.1,0.3,0.4,0.3,0.3,0.1,0.3,0.2,1.4
220,Jaylen Hoard\hoardja01,SF,21,OKC,14,0,15.3,1.9,4.1,.466,0.0,0.4,.000,1.9,3.7,.519,.466,1.4,2.1,.655,1.2,2.1,3.4,0.9,0.6,0.2,1.1,1.2,5.2
221,Aaron Holiday\holidaa01,PG,24,IND,64,8,17.8,2.6,6.6,.396,1.0,2.8,.379,1.6,3.9,.409,.475,1.0,1.2,.823,0.2,1.1,1.3,1.8,0.7,0.2,1.0,1.4,7.3
222,Jrue Holiday\holidjr01,PG,30,MIL,54,51,32.2,7.0,13.8,.505,1.9,4.8,.397,5.1,9.1,.562,.574,1.8,2.3,.772,1.2,3.4,4.6,5.9,1.7,0.6,2.2,1.7,17.6
223,Justin Holiday\holidju01,SG,31,IND,66,48,30.2,3.5,8.6,.407,2.3,6.2,.376,1.2,2.4,.487,.543,0.9,1.2,.789,0.4,3.1,3.6,1.7,1.1,0.5,0.8,1.8,10.3
224,Rondae Hollis-Jefferson\holliro01,PF,26,POR,9,1,10.2,0.9,1.9,.471,0.0,0.1,.000,0.9,1.8,.500,.471,1.0,1.6,.643,1.1,1.3,2.4,1.2,0.2,0.4,0.2,1.6,2.8
225,Richaun Holmes\holmeri01,C,27,SAC,57,57,29.6,6.1,9.5,.639,0.0,0.2,.182,6.1,9.3,.648,.641,2.2,2.8,.789,2.5,6.1,8.5,1.6,0.6,1.6,1.3,3.6,14.4
226,Rodney Hood\hoodro01,SF,28,TOT,54,5,17.2,1.7,4.8,.360,0.6,2.1,.301,1.1,2.7,.407,.426,0.4,0.5,.852,0.4,1.5,1.9,1.0,0.4,0.1,0.7,1.4,4.5
227,Al Horford\horfoal01,C,34,OKC,28,28,27.9,5.8,12.9,.450,2.0,5.4,.368,3.8,7.4,.510,.528,0.6,0.8,.818,1.0,5.7,6.7,3.4,0.9,0.9,1.0,1.7,14.2
228,Talen Horton-Tucker\hortota01,SG,20,LAL,60,3,19.6,3.4,7.4,.455,0.5,2.0,.258,2.9,5.4,.528,.490,1.5,1.9,.786,0.4,2.3,2.6,2.6,0.9,0.3,1.5,2.0,8.8
229,Danuel House\houseda01,SF,27,HOU,33,22,26.8,3.1,7.6,.406,1.5,4.4,.354,1.5,3.2,.477,.508,1.2,1.8,.661,0.5,3.2,3.8,1.8,0.6,0.5,0.9,1.9,8.9
230,Dwight Howard\howardw01,C,35,PHI,64,5,17.3,2.6,4.4,.589,0.1,0.3,.222,2.5,4.1,.615,.596,1.8,3.0,.577,2.8,5.6,8.4,0.8,0.4,0.9,1.6,2.9,7.0
231,Markus Howard\howarma02,SG,21,DEN,32,0,3.3,0.4,1.7,.241,0.2,1.2,.158,0.2,0.5,.438,.296,0.1,0.1,.500,0.0,0.4,0.4,0.4,0.1,0.0,0.3,0.5,1.1
232,Kevin Huerter\huertke01,SG,22,ATL,66,47,30.9,4.6,10.6,.435,2.1,5.6,.368,2.6,5.0,.511,.532,0.7,0.9,.790,0.5,2.7,3.3,3.5,1.2,0.3,1.2,2.4,12.0
233,Elijah Hughes\hugheel01,SF,22,UTA,17,0,3.6,0.6,1.8,.333,0.5,1.4,.348,0.1,0.4,.286,.467,0.2,0.2,.750,0.0,0.4,0.4,0.4,0.1,0.1,0.4,0.1,1.8
234,De'Andre Hunter\huntede01,SF,23,ATL,20,18,31.3,5.6,11.2,.502,1.6,4.4,.356,4.1,6.8,.596,.572,3.3,3.8,.867,0.8,4.3,5.1,2.1,0.9,0.5,1.4,2.7,16.0
235,Chandler Hutchison\hutchch01,SF,24,TOT,20,0,13.1,1.7,4.3,.384,0.3,0.9,.353,1.4,3.5,.391,.419,0.8,0.9,.882,0.3,2.7,3.0,0.8,0.4,0.1,0.9,1.2,4.4
236,Serge Ibaka\ibakase01,C,31,LAC,39,39,23.6,4.5,8.9,.507,1.0,2.8,.352,3.5,6.1,.577,.562,0.9,1.2,.822,1.7,4.9,6.7,1.7,0.2,1.2,1.1,1.9,10.9
237,Andre Iguodala\iguodan01,SF,37,MIA,58,5,21.4,1.5,4.1,.377,1.0,3.0,.335,0.5,1.0,.500,.502,0.4,0.6,.667,0.6,3.0,3.6,2.2,1.0,0.6,1.0,1.4,4.5
238,Ersan İlyasova\ilyaser01,PF,33,UTA,15,1,9.1,1.3,3.1,.435,1.1,2.5,.459,0.2,0.6,.333,.620,0.2,0.2,1.000,0.3,1.4,1.7,0.3,0.7,0.2,0.5,1.8,4.0
239,Joe Ingles\inglejo01,SF,33,UTA,61,24,27.6,4.2,8.3,.502,2.8,6.0,.467,1.4,2.3,.593,.671,1.1,1.3,.841,0.4,3.2,3.6,4.6,0.7,0.2,1.7,1.8,12.3
240,Brandon Ingram\ingrabr01,SF,23,NOP,61,61,34.3,8.4,18.0,.466,2.3,6.1,.381,6.1,11.9,.510,.531,4.6,5.2,.878,0.6,4.3,4.9,4.9,0.7,0.6,2.5,2.0,23.8
241,Kyrie Irving\irvinky01,PG,28,BRK,50,50,35.4,10.4,20.6,.502,2.8,7.1,.390,7.6,13.5,.561,.569,3.9,4.2,.923,1.0,3.9,4.9,6.3,1.4,0.6,2.5,2.6,27.4
242,Wesley Iwundu\iwundwe01,SF,26,TOT,37,4,13.0,0.8,2.4,.344,0.1,1.1,.128,0.7,1.4,.510,.372,0.6,0.8,.828,0.3,1.8,2.1,0.4,0.4,0.1,0.5,1.2,2.5
243,Frank Jackson\jacksfr01,PG,22,DET,38,5,18.7,3.4,7.4,.461,1.6,3.8,.410,1.8,3.6,.515,.566,1.6,1.9,.811,0.4,1.8,2.2,0.9,0.3,0.0,0.8,1.4,9.9
244,Jaren Jackson Jr.\jacksja02,C,21,MEM,7,0,22.0,4.6,10.9,.421,1.3,4.9,.265,3.3,6.0,.548,.480,3.9,4.7,.818,1.3,4.1,5.4,0.7,0.7,1.3,1.0,3.6,14.3
245,Josh Jackson\jacksjo02,SG,23,DET,59,23,25.1,4.8,11.4,.422,1.2,4.1,.301,3.6,7.4,.488,.475,2.5,3.5,.727,0.9,3.1,4.0,2.2,0.8,0.7,2.2,2.8,13.4
246,Justin Jackson\jacksju01,SF,25,OKC,33,3,16.5,2.6,6.4,.406,1.0,3.4,.306,1.6,3.1,.515,.486,0.9,1.1,.857,0.4,1.7,2.2,1.5,0.5,0.1,0.9,0.9,7.2
247,Reggie Jackson\jacksre01,SG,30,LAC,63,41,23.2,3.9,8.8,.449,1.8,4.1,.438,2.2,4.7,.459,.551,1.0,1.3,.810,0.4,2.5,2.9,3.2,0.6,0.1,1.1,2.0,10.7
248,Justin James\jamesju01,SF,24,SAC,31,0,7.1,1.0,2.1,.462,0.3,0.8,.308,0.7,1.3,.564,.523,0.4,0.7,.500,0.1,0.4,0.5,0.5,0.1,0.1,0.3,0.5,2.5
249,LeBron James\jamesle01,PG,36,LAL,43,43,33.7,9.3,18.1,.513,2.3,6.4,.366,7.0,11.7,.594,.578,4.1,5.8,.701,0.6,7.3,7.9,7.8,1.0,0.6,3.8,1.6,25.0
250,Mike James\jamesmi02,PG,30,BRK,8,0,16.0,2.3,5.8,.391,0.6,1.9,.333,1.6,3.9,.419,.446,1.0,1.5,.667,0.4,1.3,1.6,3.6,0.1,0.0,1.6,0.5,6.1
251,DaQuan Jeffries\jeffrda01,SG,23,TOT,28,3,14.5,1.3,3.5,.378,0.5,1.9,.283,0.8,1.6,.489,.454,0.3,0.3,.875,0.6,1.5,2.1,0.5,0.4,0.4,0.4,1.3,3.4
252,Ty Jerome\jeromty01,SG,23,OKC,33,1,23.9,3.9,8.7,.446,2.2,5.1,.423,1.7,3.6,.479,.570,0.8,1.0,.765,0.3,2.5,2.8,3.6,0.6,0.2,1.4,1.8,10.7
253,Isaiah Joe\joeis01,SG,21,PHI,36,1,8.9,1.0,3.0,.339,0.8,2.4,.349,0.2,0.6,.304,.477,0.4,0.5,.722,0.2,0.7,0.9,0.5,0.3,0.1,0.3,0.8,3.3
254,Alize Johnson\johnsal02,PF,24,BRK,15,0,12.1,2.6,4.3,.600,0.1,0.4,.167,2.5,3.9,.644,.608,0.9,0.9,1.000,1.7,4.2,5.9,0.9,0.3,0.3,0.6,1.0,6.1
255,Cameron Johnson\johnsca02,PF,24,PHO,60,11,24.0,3.4,8.1,.420,2.0,5.6,.349,1.4,2.5,.581,.541,0.8,1.0,.847,0.6,2.8,3.3,1.4,0.6,0.3,0.7,1.4,9.6
256,James Johnson\johnsja01,PF,33,TOT,45,6,19.8,2.7,6.1,.436,0.6,2.4,.250,2.1,3.7,.557,.485,0.8,1.3,.617,0.6,2.7,3.3,1.9,0.8,0.9,1.1,2.4,6.8
257,Keldon Johnson\johnske04,SF,21,SAS,62,60,29.0,4.9,10.3,.477,0.9,2.6,.340,4.0,7.7,.524,.520,2.0,2.8,.723,1.4,4.9,6.3,1.8,0.6,0.4,1.1,2.1,12.8
258,Stanley Johnson\johnsst04,PF,24,TOR,56,9,15.2,1.1,3.0,.373,0.6,1.8,.320,0.5,1.2,.455,.470,0.4,0.5,.833,0.4,1.8,2.3,1.3,0.8,0.3,0.8,1.9,3.3
259,Tyler Johnson\johnsty01,SG,28,BRK,36,3,17.4,1.8,4.7,.388,1.3,3.4,.363,0.6,1.3,.457,.521,0.5,0.6,.857,0.2,1.8,1.9,1.1,0.4,0.0,0.4,1.0,5.4
260,Nikola Jokic\jokicni01,C,25,DEN,66,66,35.0,10.2,18.1,.565,1.4,3.4,.405,8.9,14.8,.602,.603,4.6,5.3,.858,2.8,8.1,10.9,8.4,1.4,0.7,3.1,2.7,26.4
261,Damian Jones\jonesda03,C,25,TOT,33,8,11.9,1.3,1.9,.694,0.0,0.1,.000,1.3,1.8,.717,.694,1.0,1.3,.762,0.8,1.7,2.4,0.5,0.3,0.5,0.5,1.8,3.6
262,Derrick Jones Jr.\jonesde02,SF,23,POR,56,43,23.0,2.5,5.3,.481,0.8,2.4,.323,1.8,2.9,.611,.554,1.0,1.6,.636,1.4,2.3,3.6,0.8,0.6,1.0,0.6,2.2,6.8
263,Mason Jones\jonesma05,SG,22,TOT,32,1,10.4,1.6,3.8,.423,0.8,2.1,.364,0.9,1.8,.491,.520,1.3,2.0,.625,0.2,1.5,1.7,1.3,0.2,0.0,0.9,0.8,5.3
264,Tre Jones\jonestr01,PG,21,SAS,32,1,6.3,0.9,1.9,.468,0.1,0.1,.750,0.8,1.8,.448,.492,0.3,0.3,1.000,0.2,0.3,0.5,0.8,0.2,0.0,0.4,0.3,2.2
265,Tyus Jones\jonesty01,PG,24,MEM,64,8,17.8,2.6,6.1,.433,0.7,2.1,.318,2.0,4.0,.492,.487,0.6,0.6,.902,0.3,1.7,2.0,3.8,1.0,0.1,0.7,0.5,6.5
266,DeAndre Jordan\jordade01,C,32,BRK,56,43,22.2,3.4,4.4,.763,0.0,0.0,.000,3.4,4.4,.766,.763,0.8,1.6,.500,2.1,5.5,7.6,1.6,0.3,1.2,1.5,2.1,7.6
267,Cory Joseph\josepco01,PG,29,TOT,61,11,22.9,3.1,6.7,.471,0.7,2.1,.339,2.4,4.6,.530,.523,1.2,1.4,.816,0.6,1.9,2.5,3.4,1.0,0.3,1.2,2.2,8.2
268,Mfiondu Kabengele\kabenmf01,PF,23,TOT,33,0,5.5,0.6,1.7,.339,0.3,1.0,.265,0.3,0.7,.455,.420,0.3,0.3,.818,0.1,0.8,0.8,0.4,0.2,0.2,0.3,0.9,1.7
269,Frank Kaminsky\kaminfr01,C,27,PHO,41,13,14.5,2.5,5.2,.486,0.7,1.9,.390,1.8,3.3,.540,.556,0.7,1.2,.580,0.7,3.0,3.7,1.5,0.3,0.4,0.4,1.3,6.5
270,Enes Kanter\kanteen01,C,28,POR,66,35,25.0,4.9,8.0,.609,0.0,0.0,.000,4.9,8.0,.610,.609,1.8,2.3,.780,4.1,7.1,11.2,1.2,0.5,0.7,1.1,2.4,11.5
271,Luke Kennard\kennalu01,SG,24,LAC,59,15,19.5,3.1,6.4,.478,1.6,3.5,.461,1.5,2.9,.497,.603,0.4,0.5,.828,0.3,2.4,2.6,1.7,0.3,0.2,0.8,1.5,8.2
272,Louis King\kinglo02,F,21,SAC,1,0,1.0,0.0,1.0,.000,0.0,1.0,.000,0.0,0.0,,.000,0.0,0.0,,0.0,0.0,0.0,0.0,0.0,0.0,0.0,0.0,0.0
273,Maxi Kleber\klebima01,PF,29,DAL,48,40,27.3,2.4,5.5,.425,1.8,4.3,.415,0.6,1.3,.459,.585,0.7,0.8,.919,0.9,4.3,5.2,1.3,0.5,0.7,0.6,2.2,7.2
274,Nathan Knight\knighna01,PF,23,ATL,31,0,8.0,1.0,2.8,.352,0.2,0.9,.172,0.8,1.9,.441,.381,1.4,1.6,.843,0.8,1.2,2.0,0.2,0.3,0.3,0.5,0.7,3.5
275,Kevin Knox\knoxke01,SF,21,NYK,41,0,11.3,1.4,3.5,.392,0.9,2.2,.393,0.5,1.3,.389,.514,0.4,0.5,.800,0.2,1.2,1.5,0.5,0.3,0.1,0.4,0.9,4.0
276,John Konchar\konchjo01,SG,24,MEM,38,0,13.2,1.4,3.0,.469,0.4,1.2,.364,1.0,1.8,.536,.540,0.5,0.6,.833,0.7,2.1,2.8,1.1,0.8,0.2,0.4,0.9,3.7
277,Furkan Korkmaz\korkmfu01,SG,23,PHI,52,10,19.3,3.1,7.7,.408,1.9,4.8,.385,1.3,2.8,.446,.529,1.1,1.6,.728,0.3,1.8,2.0,1.4,0.9,0.2,0.8,1.2,9.3
278,Luke Kornet\kornelu01,C-PF,25,TOT,26,0,9.9,1.2,2.8,.432,0.5,1.8,.292,0.7,1.0,.692,.527,0.1,0.2,.500,0.4,1.5,1.9,0.7,0.1,0.8,0.2,0.5,3.1
279,Rodions Kurucs\kurucro01,SF-PF,22,TOT,21,0,6.0,0.5,1.5,.344,0.3,1.0,.286,0.2,0.5,.455,.438,0.1,0.2,.750,0.2,0.9,1.1,0.5,0.4,0.2,0.6,0.8,1.5
280,Kyle Kuzma\kuzmaky01,SF,25,LAL,63,31,28.7,4.9,11.2,.439,2.1,5.7,.363,2.9,5.5,.519,.532,1.0,1.4,.701,1.7,4.6,6.2,1.8,0.5,0.6,1.7,1.8,12.9
281,Anthony Lamb\lamban01,SF,23,HOU,18,0,12.8,1.5,4.2,.355,0.8,2.6,.304,0.7,1.7,.433,.447,0.7,0.7,.923,1.0,1.2,2.2,0.5,0.2,0.2,0.5,1.2,4.4
282,Jeremy Lamb\lambje01,SG,28,IND,36,8,21.3,3.3,7.7,.435,1.4,3.6,.406,1.9,4.1,.459,.529,2.0,2.1,.947,0.7,2.9,3.6,1.5,0.9,0.6,0.6,2.0,10.1
283,Romeo Langford\langfro01,SG,21,BOS,14,3,15.4,0.9,2.9,.317,0.3,1.1,.267,0.6,1.9,.346,.366,0.3,0.3,1.000,0.8,1.3,2.1,0.6,0.3,0.3,0.6,1.2,2.4
284,Zach LaVine\lavinza01,SG,25,CHI,54,54,35.1,9.7,19.3,.505,3.4,8.2,.416,6.3,11.0,.572,.594,4.3,5.1,.848,0.6,4.5,5.1,5.0,0.8,0.5,3.6,2.3,27.2
285,Jake Layman\laymaja01,SF,26,MIN,42,11,14.3,2.1,4.2,.497,0.5,1.7,.288,1.6,2.4,.647,.557,0.6,0.9,.703,0.3,1.2,1.5,0.7,0.7,0.4,0.6,1.0,5.3
286,T.J. Leaf\leaftj01,PF,23,POR,4,0,5.8,1.0,1.5,.667,0.0,0.0,,1.0,1.5,.667,.667,0.5,0.5,1.000,0.0,0.8,0.8,0.0,0.5,0.3,0.3,0.3,2.5
287,Jalen Lecque\lecquja01,PG,20,IND,4,0,3.0,0.3,2.3,.111,0.0,0.3,.000,0.3,2.0,.125,.111,0.8,0.8,1.000,0.5,0.8,1.3,0.5,0.0,0.0,0.0,0.0,1.3
288,Damion Lee\leeda03,SG,28,GSW,57,1,18.9,2.2,4.8,.467,1.4,3.4,.397,0.9,1.4,.638,.608,0.7,0.8,.909,0.4,2.8,3.2,1.3,0.7,0.1,0.5,1.6,6.5
289,Saben Lee\leesa01,PG,21,DET,43,7,15.4,1.9,4.2,.453,0.2,0.5,.381,1.7,3.7,.462,.475,1.2,1.8,.649,0.4,1.6,2.0,3.5,0.6,0.3,1.1,1.6,5.1
290,Alex Len\lenal01,C,27,TOT,59,37,15.4,2.8,4.4,.629,0.1,0.4,.320,2.6,4.0,.662,.645,1.2,1.9,.616,1.2,2.7,3.9,0.8,0.3,1.0,0.9,2.0,6.8
291,Kawhi Leonard\leonaka01,SF,29,LAC,49,49,34.2,9.1,17.6,.516,1.9,4.9,.396,7.1,12.7,.562,.571,4.9,5.6,.880,1.1,5.5,6.6,5.1,1.6,0.4,2.0,1.6,25.0
292,Meyers Leonard\leoname01,C,28,MIA,3,2,9.7,1.0,2.3,.429,1.0,2.3,.429,0.0,0.0,,.643,0.3,0.7,.500,0.0,2.3,2.3,0.7,0.0,0.0,0.7,1.7,3.3
293,Caris LeVert\leverca01,SG,26,TOT,42,34,31.1,7.5,17.0,.443,1.8,5.4,.329,5.8,11.6,.495,.494,2.9,3.6,.797,0.7,3.7,4.4,4.9,1.4,0.7,2.0,2.2,19.7
294,Kira Lewis Jr.\lewiski01,PG,19,NOP,48,0,16.1,2.3,6.1,.385,0.8,2.2,.340,1.6,3.9,.411,.447,0.6,0.7,.800,0.2,1.0,1.1,2.3,0.7,0.2,0.6,1.5,6.0
295,Damian Lillard\lillada01,PG,30,POR,61,61,35.8,8.8,20.0,.440,4.1,10.7,.384,4.7,9.4,.503,.542,6.7,7.2,.925,0.5,3.7,4.2,7.6,1.0,0.3,3.1,1.6,28.4
296,Nassir Little\littlna01,PF,20,POR,45,2,13.7,1.6,3.6,.453,0.6,1.8,.354,1.0,1.8,.549,.540,0.8,1.0,.800,0.7,2.0,2.7,0.5,0.1,0.3,0.4,1.1,4.7
297,Kevon Looney\looneke01,C,24,GSW,56,29,18.4,1.8,3.2,.553,0.1,0.3,.235,1.7,2.9,.586,.564,0.4,0.7,.658,1.9,3.0,4.8,1.9,0.4,0.4,0.6,2.1,4.1
298,Brook Lopez\lopezbr01,C,32,MIL,65,65,27.2,4.4,9.0,.491,1.4,4.1,.343,3.0,4.8,.616,.569,1.6,1.9,.851,1.4,3.5,4.9,0.8,0.6,1.5,0.9,2.2,11.8
299,Robin Lopez\lopezro01,C,32,WAS,66,9,19.2,3.6,5.7,.638,0.1,0.3,.278,3.6,5.4,.656,.645,1.5,2.1,.723,2.0,1.9,3.8,0.8,0.2,0.7,1.0,1.5,8.8
300,Kevin Love\loveke01,PF,32,CLE,23,23,24.4,4.0,9.9,.401,2.2,6.2,.350,1.8,3.7,.488,.511,1.5,1.9,.814,0.7,6.3,7.0,2.5,0.6,0.1,1.5,1.0,11.6
301,Kyle Lowry\lowryky01,PG,34,TOR,46,46,34.8,5.7,13.0,.436,2.8,7.2,.396,2.8,5.8,.487,.546,3.0,3.5,.875,0.8,4.6,5.4,7.3,1.0,0.3,2.7,3.1,17.2
302,Timoth? Luwawu-Cabarrot\luwawti0,SF,25,BRK,55,7,18.8,2.3,6.3,.364,1.3,4.3,.315,1.0,2.1,.465,.470,0.6,0.8,.814,0.5,1.8,2.3,1.2,0.6,0.1,0.8,1.8,6.6
303,Trey Lyles\lylestr01,PF,25,SAS,23,9,15.6,1.9,3.9,.478,0.6,1.7,.350,1.3,2.2,.580,.556,0.7,1.0,.652,0.4,3.3,3.7,0.6,0.3,0.0,0.3,0.6,5.0
304,Will Magnay\magnawi01,C,22,NOP,1,0,3.0,0.0,1.0,.000,0.0,1.0,.000,0.0,0.0,,.000,0.0,0.0,,0.0,0.0,0.0,0.0,0.0,0.0,1.0,1.0,0.0
305,Thon Maker\makerth01,C,23,CLE,8,0,9.5,1.3,2.3,.556,0.0,0.3,.000,1.3,2.0,.625,.556,1.3,1.4,.909,1.0,1.3,2.3,0.5,0.3,0.5,0.4,0.9,3.8
306,Théo Maledon\maledth01,PG,19,OKC,61,45,27.6,3.4,9.3,.368,1.6,4.7,.339,1.8,4.6,.398,.454,1.6,2.1,.760,0.4,2.9,3.3,3.5,0.9,0.2,2.2,2.0,10.1
307,Karim Mané\maneka01,PG,20,ORL,10,0,8.8,0.3,1.3,.231,0.1,0.2,.500,0.2,1.1,.182,.269,0.4,0.5,.800,0.1,1.3,1.4,0.4,0.0,0.2,0.3,1.0,1.1
308,Terance Mann\mannte01,SG,24,LAC,64,10,19.0,2.5,5.2,.489,0.6,1.4,.409,2.0,3.8,.518,.544,1.1,1.3,.821,0.9,2.8,3.7,1.6,0.4,0.2,0.6,1.9,6.7
309,Nico Mannion\mannini01,PG,19,GSW,28,1,11.4,1.3,3.6,.347,0.7,1.9,.358,0.6,1.7,.333,.441,0.7,0.9,.800,0.1,1.2,1.3,2.1,0.6,0.0,1.0,0.9,3.9
310,Boban Marjanovic\marjabo01,C,32,DAL,28,3,9.0,2.0,4.0,.504,0.0,0.2,.000,2.0,3.8,.533,.504,1.0,1.2,.824,1.6,2.8,4.4,0.3,0.1,0.2,0.4,1.0,5.1
311,Lauri Markkanen\markkla01,PF,23,CHI,45,25,26.2,5.0,10.6,.476,2.3,5.9,.389,2.7,4.7,.586,.584,1.5,1.8,.840,0.8,4.6,5.4,0.9,0.5,0.3,1.0,1.4,13.8
312,Naji Marshall\marshna01,SF,23,NOP,26,4,19.8,2.0,5.2,.378,0.8,2.3,.373,1.1,2.9,.382,.459,1.7,2.4,.694,0.3,3.8,4.1,2.6,0.8,0.3,0.9,1.7,6.4
313,Caleb Martin\martica02,SF,25,CHO,49,3,15.3,1.9,4.9,.381,0.6,2.3,.254,1.3,2.6,.496,.441,0.8,1.2,.623,0.6,2.1,2.8,1.2,0.7,0.2,0.7,1.1,5.1
314,Cody Martin\martico01,SF,25,CHO,52,10,16.3,1.6,3.6,.441,0.3,1.1,.276,1.3,2.5,.515,.484,0.5,0.8,.581,1.0,2.1,3.1,1.7,0.7,0.2,0.8,1.0,4.0
315,Jeremiah Martin\martije02,PG,24,CLE,4,0,5.8,1.0,2.8,.364,0.3,1.3,.200,0.8,1.5,.500,.409,0.0,0.8,.000,0.0,0.5,0.5,0.5,0.5,0.0,0.8,0.3,2.3
316,Kelan Martin\martike03,SF,25,IND,29,0,6.7,1.1,2.7,.410,0.3,1.1,.323,0.8,1.6,.468,.474,0.2,0.3,.875,0.3,1.3,1.7,0.4,0.2,0.2,0.3,0.7,2.8
317,Kenyon Martin Jr.\martike04,SF,20,HOU,39,2,21.6,3.1,5.9,.517,0.4,1.4,.309,2.6,4.5,.582,.554,1.3,1.8,.739,1.7,3.2,4.9,0.7,0.6,0.9,0.7,1.8,7.9
318,Frank Mason III\masonfr01,PG,26,ORL,4,1,19.8,2.3,6.0,.375,0.5,1.3,.400,1.8,4.8,.368,.417,1.3,1.8,.714,0.8,2.3,3.0,3.0,0.0,0.0,1.3,1.8,6.3
319,Garrison Mathews\mathega01,SG,24,WAS,59,22,16.6,1.6,3.8,.417,1.2,3.1,.391,0.4,0.7,.538,.578,1.4,1.5,.890,0.3,1.1,1.4,0.4,0.5,0.1,0.2,1.7,5.7
320,Dakota Mathias\mathida01,SG,25,PHI,8,2,15.4,2.4,6.0,.396,1.0,3.3,.308,1.4,2.8,.500,.479,0.3,0.8,.333,0.1,0.8,0.9,1.6,0.1,0.4,0.1,0.9,6.0
321,Wesley Matthews\matthwe02,SG,34,LAL,52,7,19.4,1.5,4.3,.342,1.1,3.4,.326,0.4,0.9,.404,.471,0.6,0.7,.838,0.3,1.3,1.5,0.9,0.6,0.3,0.4,1.4,4.6
322,Tyrese Maxey\maxeyty01,SG,20,PHI,56,6,14.4,3.0,6.7,.456,0.5,1.6,.283,2.6,5.0,.512,.491,0.8,0.9,.865,0.2,1.3,1.5,1.7,0.3,0.2,0.7,1.2,7.3
323,Skylar Mays\mayssk01,SG,23,ATL,31,0,7.7,1.2,2.7,.424,0.4,1.1,.343,0.8,1.6,.480,.494,0.7,0.8,.880,0.3,0.7,1.0,0.7,0.5,0.0,0.3,0.5,3.4
324,Patrick McCaw\mccawpa01,SF,25,TOR,5,0,6.6,0.2,0.2,1.000,0.0,0.0,,0.2,0.2,1.000,1.000,0.6,0.6,1.000,0.2,0.4,0.6,0.8,0.4,0.0,0.0,1.2,1.0
325,CJ McCollum\mccolcj01,SG,29,POR,41,41,33.8,8.5,18.8,.453,3.5,9.0,.392,5.0,9.7,.509,.547,2.3,2.8,.823,0.7,3.4,4.1,4.8,1.0,0.5,1.4,2.0,22.8
326,T.J. McConnell\mccontj01,PG,28,IND,63,2,25.5,3.8,6.9,.558,0.2,0.7,.326,3.6,6.2,.583,.574,0.4,0.7,.659,0.8,2.7,3.6,6.5,1.8,0.3,1.9,1.6,8.3
327,Jaden McDaniels\mcdanja02,PF,20,MIN,59,25,23.9,2.6,5.8,.443,1.2,3.1,.370,1.4,2.7,.528,.542,0.4,0.7,.605,0.8,2.9,3.7,1.1,0.6,0.9,0.7,2.7,6.8
328,Jalen McDaniels\mcdanja01,SF,23,CHO,41,12,17.9,2.6,5.7,.461,0.7,2.0,.345,1.9,3.6,.527,.524,0.9,1.3,.660,0.8,2.5,3.3,1.0,0.6,0.4,1.0,2.0,6.8
329,Doug McDermott\mcderdo01,PF,29,IND,60,23,24.4,5.2,9.9,.531,1.6,4.2,.385,3.6,5.7,.640,.613,1.2,1.5,.822,1.0,2.5,3.5,1.3,0.3,0.1,0.8,1.7,13.3
330,Sean McDermott\mcderse01,SF,24,MEM,18,0,8.8,0.7,1.8,.394,0.3,1.2,.227,0.4,0.6,.727,.470,0.4,0.4,1.000,0.3,0.7,1.1,0.2,0.1,0.2,0.2,0.4,2.2
331,JaVale McGee\mcgeeja01,C,33,TOT,41,1,14.6,3.1,6.1,.518,0.1,0.5,.227,3.0,5.5,.546,.528,1.0,1.6,.662,1.6,3.4,5.0,0.9,0.4,1.2,1.4,2.6,7.5
332,Rodney McGruder\mcgruro01,SG,29,DET,16,2,12.1,2.3,4.4,.529,0.7,1.5,.458,1.6,2.9,.565,.607,0.4,0.5,.750,0.5,0.9,1.4,1.0,0.5,0.1,0.4,0.8,5.7
333,Alfonzo McKinnie\mckinal01,SF,28,LAL,36,0,6.6,1.2,2.3,.512,0.4,1.0,.417,0.8,1.3,.583,.601,0.3,0.5,.529,0.6,0.8,1.4,0.2,0.1,0.0,0.1,0.7,3.1
334,Jordan McLaughlin\mclaujo01,PG,24,MIN,45,2,18.7,2.0,4.8,.406,0.6,1.7,.372,1.3,3.1,.424,.472,0.4,0.5,.750,0.4,1.7,2.1,4.0,1.0,0.1,1.0,0.9,5.0
335,Ben McLemore\mclembe01,SG,27,TOT,47,5,17.0,2.6,7.0,.369,1.9,5.4,.344,0.7,1.7,.449,.500,0.8,1.1,.736,0.3,1.6,2.0,0.8,0.5,0.2,0.9,1.7,7.9
336,Nicolò Melli\mellini01,PF,30,TOT,40,4,12.1,0.9,2.9,.310,0.4,1.7,.250,0.5,1.2,.396,.384,0.3,0.5,.684,0.6,2.0,2.6,1.0,0.3,0.1,0.3,1.4,2.6
337,De'Anthony Melton\meltode01,PG,22,MEM,46,1,20.3,3.5,7.8,.445,1.7,4.0,.425,1.7,3.7,.468,.556,0.8,1.0,.783,0.6,2.6,3.3,2.6,1.2,0.6,1.3,1.7,9.4
338,Sam Merrill\merrisa01,SG,24,MIL,27,1,7.4,1.1,2.3,.484,0.7,1.5,.488,0.4,0.8,.476,.645,0.1,0.1,1.000,0.2,0.8,1.0,0.7,0.2,0.0,0.4,0.6,3.1
339,Chimezie Metu\metuch01,C,23,SAC,30,2,11.1,2.2,4.1,.541,0.2,0.6,.294,2.0,3.5,.581,.561,0.8,1.1,.697,0.9,1.7,2.6,0.7,0.4,0.5,0.7,1.6,5.3
340,Khris Middleton\middlkh01,SF,29,MIL,63,63,33.5,7.5,15.9,.475,2.3,5.3,.425,5.3,10.6,.500,.546,3.1,3.4,.894,0.8,5.2,6.0,5.5,1.1,0.1,2.7,2.4,20.4
341,Darius Miller\milleda01,SF,30,OKC,18,0,10.9,1.2,2.7,.458,0.9,2.3,.405,0.3,0.3,.833,.635,0.7,0.7,1.000,0.1,1.2,1.3,1.2,0.7,0.3,0.4,0.7,4.1
342,Patty Mills\millspa02,PG,32,SAS,62,0,25.0,3.8,9.1,.414,2.4,6.4,.374,1.4,2.7,.509,.545,1.0,1.1,.901,0.3,1.5,1.7,2.4,0.6,0.0,0.9,1.2,11.0
343,Paul Millsap\millspa01,PF,35,DEN,52,35,20.9,3.4,7.1,.476,0.9,2.5,.341,2.5,4.6,.550,.536,1.2,1.7,.716,1.4,3.4,4.8,1.7,0.8,0.7,0.8,2.0,8.8
344,Shake Milton\miltosh01,SG,24,PHI,58,3,23.3,4.8,10.8,.450,1.2,3.2,.358,3.7,7.6,.489,.503,2.3,2.8,.834,0.5,1.7,2.3,3.0,0.6,0.3,1.7,2.1,13.2
345,Donovan Mitchell\mitchdo01,PG,24,UTA,53,53,33.4,9.0,20.6,.438,3.4,8.7,.386,5.7,11.9,.476,.520,5.0,6.0,.845,0.9,3.5,4.4,5.2,1.0,0.3,2.8,2.2,26.4
346,Adam Mokoka\mokokad01,SG,22,CHI,13,0,4.2,0.5,1.4,.389,0.1,0.8,.100,0.5,0.6,.750,.417,0.0,0.1,.000,0.1,0.3,0.4,0.4,0.2,0.1,0.3,0.4,1.2
347,Malik Monk\monkma01,SG,22,CHO,36,0,22.1,4.5,10.1,.449,2.3,5.3,.426,2.3,4.8,.474,.561,1.6,1.9,.824,0.4,2.2,2.6,2.1,0.5,0.1,1.4,1.2,12.9
348,E'Twaun Moore\mooreet01,SG,31,PHO,25,1,14.2,1.7,4.2,.406,0.3,1.3,.250,1.4,3.0,.473,.443,0.4,0.5,.833,0.5,1.2,1.7,1.4,0.6,0.2,0.8,1.2,4.2
349,Ja Morant\moranja01,PG,21,MEM,58,58,32.3,6.9,15.3,.453,1.1,3.7,.304,5.8,11.6,.501,.490,4.4,6.0,.738,0.9,3.0,3.9,7.3,0.9,0.2,3.2,1.4,19.4
350,Juwan Morgan\morgaju01,PF,23,UTA,27,0,5.1,0.5,1.0,.481,0.1,0.5,.308,0.3,0.5,.643,.556,0.1,0.3,.429,0.3,0.7,1.0,0.3,0.1,0.0,0.1,0.8,1.2
351,Marcus Morris\morrima03,PF,31,LAC,53,25,26.7,4.9,10.4,.472,2.5,5.3,.475,2.4,5.1,.469,.593,1.2,1.5,.825,0.6,3.6,4.2,1.1,0.6,0.2,1.0,2.1,13.6
352,Markieff Morris\morrima02,PF,31,LAL,58,26,20.0,2.5,6.2,.408,1.1,3.5,.309,1.4,2.7,.539,.496,0.6,0.8,.708,0.8,3.7,4.4,1.2,0.4,0.3,0.9,1.7,6.7
353,Monte Morris\morrimo01,PG,25,DEN,44,13,26.2,4.0,8.3,.477,1.1,3.0,.377,2.8,5.3,.532,.544,1.3,1.6,.789,0.3,1.9,2.2,3.2,0.7,0.3,0.7,1.0,10.3
354,Mychal Mulder\muldemy01,PG,26,GSW,55,5,11.9,1.9,4.1,.453,1.3,3.3,.398,0.5,0.8,.682,.613,0.2,0.3,.579,0.1,0.8,1.0,0.4,0.2,0.2,0.3,0.9,5.2
355,Dejounte Murray\murrade01,PG,24,SAS,61,61,31.9,6.5,14.4,.454,1.0,3.0,.332,5.5,11.4,.486,.489,1.7,2.0,.808,0.8,6.2,7.1,5.3,1.5,0.1,1.8,2.1,15.7
356,Jamal Murray\murraja01,PG,23,DEN,48,48,35.5,7.9,16.5,.477,2.7,6.6,.408,5.2,9.9,.523,.559,2.8,3.2,.869,0.8,3.3,4.0,4.8,1.3,0.3,2.3,2.0,21.2
357,Mike Muscala\muscami01,C,29,OKC,35,0,18.4,3.4,7.6,.446,1.9,5.3,.370,1.5,2.4,.614,.573,0.9,1.0,.917,0.5,3.2,3.8,0.8,0.2,0.3,0.6,1.5,9.7
358,Sviatoslav Mykhailiuk\mykhasv01,SF-SG,23,TOT,62,14,19.8,2.9,7.2,.405,1.5,4.6,.333,1.4,2.6,.535,.512,0.6,0.8,.771,0.4,2.1,2.5,1.6,0.7,0.2,1.3,0.9,8.0
359,Abdel Nader\naderab01,SF,27,PHO,24,0,14.8,2.4,4.8,.491,0.8,1.8,.419,1.6,3.0,.534,.569,1.2,1.5,.757,0.3,2.3,2.6,0.8,0.4,0.4,0.8,1.4,6.7
360,Larry Nance Jr.\nancela02,PF,28,CLE,35,27,31.2,3.7,7.8,.471,1.2,3.3,.360,2.5,4.5,.551,.546,0.9,1.4,.612,1.5,5.2,6.7,3.1,1.7,0.5,1.6,2.1,9.3
361,Aaron Nesmith\nesmiaa01,SF,21,BOS,40,0,13.9,1.6,3.5,.443,0.9,2.3,.385,0.7,1.2,.551,.568,0.4,0.5,.700,0.6,2.0,2.5,0.4,0.3,0.2,0.5,1.7,4.3
362,Raul Neto\netora01,PG,28,WAS,61,19,21.6,3.2,6.9,.469,1.0,2.6,.403,2.2,4.3,.510,.545,1.1,1.3,.873,0.4,2.0,2.4,2.3,1.1,0.1,0.8,1.6,8.7
363,Georges Niang\niangge01,PF,27,UTA,66,6,15.4,2.3,5.4,.427,1.6,3.9,.415,0.7,1.5,.458,.578,0.2,0.2,1.000,0.4,2.1,2.5,0.8,0.3,0.1,0.7,1.6,6.4
364,Zeke Nnaji\nnajize01,PF,20,DEN,40,1,9.1,1.1,2.4,.474,0.5,1.3,.377,0.6,1.1,.595,.579,0.3,0.4,.800,0.3,1.1,1.5,0.2,0.2,0.1,0.2,0.7,3.1
365,Nerlens Noel\noelne01,C,26,NYK,58,35,23.8,2.2,3.5,.610,0.0,0.1,.000,2.2,3.5,.619,.610,0.8,1.1,.698,2.3,4.1,6.4,0.8,1.1,2.2,1.1,2.7,5.1
366,Jaylen Nowell\nowelja01,SG,21,MIN,38,0,18.8,3.6,8.4,.428,1.2,3.7,.338,2.3,4.7,.497,.502,1.1,1.3,.824,0.5,1.9,2.3,1.6,0.6,0.3,0.7,1.8,9.5
367,Frank Ntilikina\ntilila01,PG,22,NYK,27,4,10.0,0.9,2.5,.358,0.7,1.4,.462,0.2,1.0,.214,.493,0.3,0.7,.444,0.2,0.8,1.0,0.6,0.6,0.1,0.4,1.4,2.7
368,Kendrick Nunn\nunnke01,PG,25,MIA,51,39,29.5,5.5,11.7,.473,2.2,5.8,.385,3.3,5.9,.560,.569,1.0,1.1,.926,0.4,2.8,3.1,2.7,1.0,0.2,1.5,1.9,14.3
369,James Nunnally\nunnaja01,SF,30,NOP,6,0,6.2,0.7,1.7,.400,0.5,1.5,.333,0.2,0.2,1.000,.550,0.2,0.3,.500,0.3,0.8,1.2,0.3,0.0,0.0,0.2,0.2,2.0
370,Jusuf Nurkić\nurkiju01,C,26,POR,31,31,23.3,4.3,8.5,.506,0.4,0.9,.393,4.0,7.6,.519,.526,1.9,2.9,.637,2.1,6.5,8.6,3.2,0.9,1.0,2.0,2.8,10.9
371,David Nwaba\nwabada01,SF,28,HOU,30,9,22.6,3.5,7.3,.486,0.6,2.1,.270,3.0,5.2,.574,.525,1.6,2.3,.691,1.3,2.6,3.9,1.0,1.0,0.7,0.6,2.0,9.2
372,Jordan Nwora\nworajo01,SF,22,MIL,26,2,8.8,1.8,4.2,.440,0.9,2.0,.453,0.9,2.2,.429,.550,0.7,0.8,.810,0.2,1.5,1.7,0.3,0.5,0.2,0.8,0.7,5.3
373,Royce O'Neale\onealro01,SF,27,UTA,65,65,31.7,2.4,5.4,.448,1.5,3.8,.388,0.9,1.6,.592,.585,0.6,0.6,.857,1.2,5.8,7.0,2.6,0.8,0.5,1.1,2.6,6.9
374,Semi Ojeleye\ojelese01,PF,26,BOS,52,13,17.3,1.6,4.0,.402,1.1,2.9,.380,0.5,1.1,.458,.538,0.5,0.6,.750,0.6,2.1,2.6,0.7,0.3,0.0,0.4,1.0,4.8
375,Jahlil Okafor\okafoja01,C,25,DET,22,0,12.1,2.3,3.5,.641,0.1,0.3,.286,2.2,3.2,.676,.654,0.5,0.7,.688,0.7,1.5,2.3,0.6,0.2,0.2,0.6,1.2,5.1
376,Chuma Okeke\okekech01,PF,22,ORL,45,19,25.2,3.0,7.2,.417,1.1,3.1,.348,1.9,4.1,.470,.492,0.7,0.9,.750,0.9,3.1,4.0,2.2,1.1,0.5,0.8,1.1,7.8
377,Josh Okogie\okogijo01,SG,22,MIN,53,37,21.0,1.8,4.5,.403,0.5,1.9,.273,1.3,2.6,.496,.460,1.5,1.8,.802,1.1,1.7,2.7,1.1,0.9,0.4,0.7,2.2,5.6
378,Onyeka Okongwu\okongon01,C,20,ATL,46,3,11.6,1.7,2.7,.637,0.0,0.1,.000,1.7,2.6,.653,.637,0.7,1.1,.660,1.1,1.9,3.0,0.3,0.5,0.7,0.5,2.0,4.2
379,Isaac Okoro\okorois01,SG,20,CLE,61,61,32.0,3.2,7.6,.425,0.9,2.9,.298,2.4,4.7,.503,.482,1.6,2.2,.735,1.0,1.9,2.9,1.8,1.0,0.4,1.3,2.7,9.0
380,KZ Okpala\okpalkz01,PF,21,MIA,34,9,12.0,0.9,2.6,.345,0.4,1.4,.245,0.5,1.1,.474,.414,0.1,0.3,.300,0.6,1.3,1.8,0.5,0.2,0.3,0.4,1.6,2.2
381,Victor Oladipo\oladivi01,SG,28,TOT,33,33,32.7,7.1,17.5,.408,2.4,7.2,.326,4.8,10.2,.466,.476,3.2,4.2,.754,0.4,4.5,4.8,4.6,1.4,0.4,2.5,2.5,19.8
382,Kelly Olynyk\olynyke01,C-PF,29,TOT,65,57,28.6,4.8,9.8,.489,1.8,5.3,.337,3.0,4.4,.672,.581,1.6,1.9,.825,1.3,5.6,6.9,2.6,1.1,0.6,1.7,2.9,12.9
383,Miye Oni\onimi01,SG,23,UTA,48,0,9.4,0.7,1.9,.367,0.6,1.7,.350,0.1,0.2,.500,.522,0.1,0.1,.833,0.4,1.3,1.7,0.5,0.2,0.2,0.3,1.1,2.1
384,Cedi Osman\osmande01,SF,25,CLE,56,23,25.3,3.6,9.8,.369,1.7,5.4,.309,1.9,4.3,.444,.455,1.3,1.6,.791,0.7,2.7,3.4,2.8,0.9,0.2,1.2,2.0,10.2
385,Daniel Oturu\oturuda01,C,21,LAC,26,0,4.1,0.6,1.1,.517,0.0,0.0,.000,0.6,1.1,.536,.517,0.2,0.3,.625,0.5,0.7,1.2,0.3,0.1,0.2,0.2,0.7,1.3
386,Kelly Oubre Jr.\oubreke01,SF,25,GSW,55,50,30.7,5.8,13.2,.439,1.6,5.2,.316,4.1,8.0,.519,.501,2.2,3.2,.695,1.5,4.5,6.0,1.3,1.0,0.8,1.3,2.2,15.4
387,Jabari Parker\parkeja01,PF,25,TOT,10,0,11.1,1.9,3.5,.543,0.0,0.5,.000,1.9,3.0,.633,.543,0.3,0.4,.750,0.8,2.2,3.0,0.7,0.1,0.4,0.8,0.9,4.1
388,Eric Paschall\pascher01,PF,24,GSW,39,2,17.3,3.7,7.5,.491,0.4,1.4,.321,3.3,6.2,.529,.520,1.6,2.3,.719,0.7,2.5,3.2,1.3,0.3,0.2,1.1,1.7,9.5
389,Anžejs Pasečņiks\pasecan01,C,25,WAS,1,0,6.0,0.0,1.0,.000,0.0,1.0,.000,0.0,0.0,,.000,0.0,0.0,,1.0,0.0,1.0,1.0,0.0,0.0,5.0,2.0,0.0
390,Patrick Patterson\pattepa01,PF,31,LAC,36,4,14.2,1.8,4.0,.434,1.0,2.8,.364,0.8,1.3,.587,.559,0.3,0.4,.750,0.4,1.4,1.9,0.6,0.4,0.2,0.3,1.2,4.8
391,Justin Patton\pattoju01,C,23,HOU,13,6,19.0,2.2,5.4,.414,0.7,2.6,.265,1.5,2.8,.556,.479,0.2,0.3,.750,1.1,2.7,3.8,1.1,0.9,1.1,0.3,2.6,5.4
392,Chris Paul\paulch01,PG,35,PHO,65,65,31.5,6.2,12.5,.491,1.4,3.7,.388,4.7,8.8,.535,.549,2.4,2.6,.935,0.4,4.1,4.5,8.8,1.4,0.3,2.2,2.3,16.2
393,Cameron Payne\payneca01,PG,26,PHO,54,0,17.5,2.9,6.2,.462,1.1,2.6,.404,1.8,3.6,.505,.548,0.8,0.9,.875,0.3,2.1,2.4,3.5,0.6,0.3,1.0,1.7,7.5
394,Elfrid Payton\paytoel01,PG,26,NYK,57,57,24.5,4.6,10.5,.443,0.5,1.7,.295,4.1,8.8,.471,.466,1.3,1.8,.686,1.1,2.5,3.6,3.4,0.8,0.2,1.7,1.8,11.0
395,Gary Payton II\paytoga02,PG,28,GSW,10,0,4.0,1.0,1.3,.769,0.2,0.4,.500,0.8,0.9,.889,.846,0.3,0.4,.750,0.2,0.9,1.1,0.1,0.6,0.1,0.1,0.8,2.5
396,Norvel Pelle\pelleno01,C,27,TOT,12,0,6.8,0.7,1.3,.533,0.0,0.0,,0.7,1.3,.533,.533,0.3,0.5,.667,0.5,1.1,1.6,0.2,0.1,0.8,0.3,1.2,1.7
397,Reggie Perry\perryre01,PF,20,BRK,23,0,8.8,1.4,3.3,.421,0.2,0.9,.190,1.2,2.4,.509,.447,0.4,0.6,.769,1.1,1.9,3.0,0.6,0.3,0.3,0.6,1.6,3.4
398,Theo Pinson\pinsoth01,SG,25,NYK,17,0,2.0,0.1,0.5,.111,0.0,0.5,.000,0.1,0.1,1.000,.111,0.0,0.0,,0.0,0.3,0.3,0.1,0.0,0.0,0.1,0.2,0.1
399,Mason Plumlee\plumlma01,C,30,DET,55,55,26.8,4.1,6.8,.613,0.0,0.1,.000,4.1,6.6,.625,.613,2.1,3.1,.669,2.6,6.7,9.3,3.6,0.8,0.9,1.9,3.3,10.3
400,Jakob Poeltl\poeltja01,C,25,SAS,63,45,26.3,3.8,6.1,.626,0.0,0.0,,3.8,6.1,.626,.626,0.9,1.9,.504,3.2,4.6,7.8,1.9,0.7,1.7,1.3,2.5,8.5
401,Vincent Poirier\poirivi01,C,27,PHI,10,0,3.9,0.3,1.2,.250,0.0,0.1,.000,0.3,1.1,.273,.250,0.2,0.6,.333,0.6,0.8,1.4,0.2,0.0,0.3,0.4,0.8,0.8
402,Aleksej Pokusevski\pokusal01,PF,19,OKC,41,24,23.4,2.9,8.8,.325,1.2,4.5,.259,1.7,4.3,.394,.392,0.7,0.8,.794,0.7,3.9,4.6,2.1,0.5,1.0,2.0,1.3,7.5
403,Jordan Poole\poolejo01,SG,21,GSW,46,6,18.6,3.7,9.0,.413,1.7,5.1,.335,2.0,3.8,.517,.508,1.8,2.1,.866,0.2,1.5,1.7,2.0,0.5,0.2,0.9,1.7,10.9
404,Jontay Porter\portejo01,PF,21,MEM,9,0,3.0,0.3,1.1,.300,0.2,0.8,.286,0.1,0.3,.333,.400,0.3,0.3,1.000,0.2,0.9,1.1,0.1,0.2,0.0,0.6,0.7,1.2
405,Kevin Porter Jr.\porteke02,SG,20,HOU,26,23,32.1,6.0,14.1,.425,1.9,6.2,.311,4.1,7.9,.515,.493,2.7,3.6,.734,0.8,3.0,3.8,6.3,0.7,0.3,3.5,2.3,16.6
406,Michael Porter Jr.\portemi01,SF,22,DEN,56,49,31.6,7.2,13.3,.543,2.7,6.1,.441,4.5,7.2,.629,.644,1.7,2.2,.776,1.5,6.0,7.5,1.1,0.6,1.0,1.2,2.1,18.8
407,Otto Porter Jr.\porteot01,SF-PF,27,TOT,28,6,21.6,3.5,8.1,.432,1.4,3.7,.375,2.1,4.4,.480,.518,1.3,1.5,.857,1.0,4.4,5.4,2.0,0.6,0.1,0.9,1.5,9.7
408,Bobby Portis\portibo01,C,25,MIL,61,7,21.0,4.7,9.0,.524,1.1,2.4,.469,3.6,6.6,.544,.587,0.8,1.0,.742,1.8,5.3,7.1,1.1,0.8,0.4,0.9,1.8,11.3
409,Kristaps Porzings\porzikr01,C,25,DAL,40,40,31.1,7.6,16.0,.473,2.2,6.1,.362,5.4,9.9,.542,.542,2.8,3.3,.850,1.9,7.1,9.1,1.6,0.5,1.4,1.3,2.7,20.2
410,Dwight Powell\poweldw01,C,29,DAL,52,16,15.8,2.0,3.3,.600,0.1,0.4,.238,1.9,2.9,.651,.615,1.7,2.1,.775,1.3,2.5,3.9,0.9,0.7,0.4,0.6,2.2,5.7
411,Norman Powell\powelno01,SG-SF,27,TOT,63,52,31.6,6.4,13.3,.482,2.5,6.1,.411,3.9,7.3,.540,.575,3.4,3.9,.866,0.6,2.4,3.0,1.9,1.2,0.3,1.7,2.3,18.7
412,Taurean Prince\princta02,PF,26,TOT,41,10,22.1,3.2,8.0,.401,1.5,3.8,.400,1.7,4.2,.401,.495,1.6,1.9,.855,0.5,3.0,3.5,1.9,0.7,0.6,1.1,1.8,9.5
413,Payton Pritchard\pritcpa01,SG,23,BOS,60,2,19.3,2.8,6.2,.456,1.5,3.6,.424,1.3,2.6,.500,.580,0.7,0.7,.907,0.5,1.8,2.3,1.8,0.5,0.2,0.9,1.6,7.8
414,Immanuel Quickley\quickim01,PG,21,NYK,61,3,19.6,3.7,9.2,.399,1.9,4.8,.397,1.8,4.4,.401,.503,2.5,2.8,.889,0.4,1.8,2.2,2.1,0.5,0.2,0.9,1.8,11.7
415,Jahmi'us Ramsey\ramseja01,SG,19,SAC,9,0,3.9,0.8,1.6,.500,0.2,0.9,.250,0.6,0.7,.833,.571,0.0,0.0,,0.1,0.6,0.7,0.3,0.2,0.1,0.2,0.1,1.8
416,Chasson Randle\randlch01,PG,27,ORL,35,5,19.8,2.1,5.4,.388,1.1,2.9,.359,1.0,2.4,.424,.487,0.7,1.0,.765,0.1,1.7,1.8,1.8,0.5,0.1,1.2,1.5,6.0
417,Julius Randle\randlju01,PF,26,NYK,65,65,37.3,8.5,18.4,.461,2.3,5.4,.420,6.2,13.0,.478,.523,4.8,6.0,.809,1.2,9.0,10.2,5.9,0.9,0.3,3.4,3.1,24.1
418,Cam Reddish\reddica01,SF,21,ATL,26,21,28.8,3.7,10.1,.365,1.3,4.8,.262,2.4,5.3,.460,.428,2.6,3.2,.817,0.8,3.2,4.0,1.3,1.3,0.3,1.3,2.6,11.2
419,J.J. Redick\redicjj01,SG,36,TOT,42,0,16.9,2.5,6.2,.400,1.5,4.1,.372,1.0,2.1,.455,.523,1.2,1.2,.942,0.1,1.4,1.5,1.2,0.3,0.1,0.8,1.1,7.6
420,Paul Reed\reedpa01,PF,21,PHI,22,0,6.4,1.4,2.6,.526,0.0,0.3,.000,1.4,2.3,.588,.526,0.0,0.2,.250,0.9,1.1,2.0,0.3,0.4,0.5,0.5,1.0,2.8
421,Naz Reid\reidna01,C,21,MIN,64,15,19.3,4.3,8.3,.518,0.9,2.5,.356,3.4,5.8,.587,.571,1.7,2.4,.706,1.1,3.4,4.5,1.0,0.5,1.1,1.0,2.5,11.2
422,Cameron Reynolds\reynoca01,SF,25,SAS,3,0,2.0,0.3,0.7,.500,0.0,0.0,,0.3,0.7,.500,.500,0.0,0.0,,0.0,0.0,0.0,0.0,0.0,0.0,0.0,0.0,0.7
423,Nick Richards\richani01,PF,23,CHO,18,0,3.5,0.2,0.5,.444,0.0,0.1,.000,0.2,0.4,.500,.444,0.4,0.6,.636,0.2,0.4,0.6,0.1,0.0,0.0,0.2,0.4,0.8
424,Josh Richardson\richajo01,SG,27,DAL,53,53,31.3,4.4,10.5,.423,1.5,4.7,.327,2.9,5.8,.502,.496,1.8,1.9,.912,0.8,2.5,3.4,2.7,1.0,0.4,1.4,2.3,12.2
425,Grant Riller\rillegr01,PG,23,CHO,6,0,3.8,1.3,1.8,.727,0.3,0.7,.500,1.0,1.2,.857,.818,0.0,0.0,,0.0,0.2,0.2,0.5,0.2,0.0,0.2,0.0,3.0
426,Austin Rivers\riverau01,SG,28,TOT,30,2,22.6,2.7,6.5,.413,1.3,3.9,.345,1.4,2.7,.513,.515,0.7,0.9,.741,0.2,2.0,2.2,2.2,0.8,0.1,0.9,1.6,7.4
427,Andre Roberson\roberan03,SG,29,BRK,5,0,12.6,0.4,2.8,.143,0.2,1.6,.125,0.2,1.2,.167,.179,0.2,0.4,.500,1.4,1.6,3.0,0.8,0.6,0.2,0.4,0.8,1.2
428,Duncan Robinson\robindu01,SF,26,MIA,66,66,31.8,4.4,10.0,.437,3.5,8.6,.404,0.9,1.5,.635,.610,0.8,1.0,.821,0.1,3.5,3.6,1.8,0.6,0.2,1.1,2.5,13.1
429,Glenn Robinson III\robingl02,SF,27,SAC,23,2,16.0,1.8,4.3,.424,0.7,1.9,.364,1.1,2.4,.473,.505,0.9,1.0,.913,0.5,1.5,2.0,0.9,0.2,0.1,0.5,1.0,5.3
430,Jerome Robinson\robinje01,SG,23,WAS,17,6,17.9,1.6,5.6,.295,0.6,2.5,.262,1.0,3.1,.321,.353,0.9,1.2,.800,0.2,2.0,2.2,1.5,0.7,0.4,1.1,1.8,4.9
431,Justin Robinson\robinju01,PG,23,OKC,9,0,9.8,0.8,2.3,.333,0.4,1.6,.286,0.3,0.8,.429,.429,0.3,0.6,.600,0.1,0.7,0.8,1.0,0.3,0.0,0.2,1.1,2.3
432,Mitchell Robinson\robinmi01,C,22,NYK,31,29,27.5,3.7,5.7,.653,0.0,0.0,,3.7,5.7,.653,.653,0.8,1.7,.491,3.6,4.5,8.1,0.5,1.1,1.5,0.8,2.8,8.3
433,Isaiah Roby\robyis01,PF,22,OKC,56,29,23.6,3.4,7.1,.486,0.6,1.8,.307,2.9,5.3,.547,.525,1.5,2.0,.750,1.6,4.2,5.8,1.8,0.9,0.6,1.9,2.7,8.9
434,Rajon Rondo\rondora01,PG,34,TOT,41,2,16.7,2.0,4.8,.429,0.7,1.9,.367,1.3,2.9,.470,.503,0.3,0.3,.923,0.4,1.9,2.3,4.1,0.9,0.1,1.6,1.3,5.1
435,Derrick Rose\rosede01,PG,32,TOT,45,3,25.1,5.6,12.0,.463,1.0,2.6,.385,4.6,9.4,.485,.505,2.2,2.6,.852,0.4,2.0,2.4,4.1,1.0,0.4,1.5,1.2,14.3
436,Terrence Ross\rosste01,SG,29,ORL,46,2,29.3,5.5,13.4,.412,1.9,5.7,.337,3.6,7.7,.469,.485,2.6,3.0,.870,0.3,3.1,3.4,2.3,1.0,0.5,1.6,1.9,15.6
437,Terry Rozier\roziete01,SG,26,CHO,63,63,34.0,7.3,16.3,.451,3.3,8.3,.393,4.1,8.0,.511,.551,2.2,2.7,.815,0.7,3.6,4.3,4.1,1.2,0.4,1.8,1.7,20.2
438,Ricky Rubio\rubiori01,PG,30,MIN,62,46,26.0,2.7,7.1,.379,0.9,3.0,.308,1.8,4.2,.430,.444,2.0,2.3,.867,0.4,2.9,3.3,6.5,1.5,0.0,1.7,2.0,8.3
439,D'Angelo Russell\russeda01,PG,24,MIN,36,20,28.2,6.8,15.6,.436,2.8,7.3,.388,3.9,8.3,.478,.527,2.7,3.4,.793,0.3,2.2,2.5,5.7,1.0,0.4,2.8,1.7,19.1
440,Domantas Sabonis\sabondo01,PF,24,IND,57,57,35.8,7.7,14.4,.535,0.8,2.6,.322,6.9,11.8,.582,.564,4.0,5.5,.730,2.5,9.4,11.8,6.3,1.2,0.5,3.5,3.3,20.3
441,Luka Šamanić\samanlu01,PF,21,SAS,30,4,9.8,1.5,3.3,.444,0.4,1.4,.286,1.1,1.9,.561,.505,0.4,0.9,.500,0.5,1.6,2.1,0.5,0.2,0.3,0.6,1.4,3.8
442,JaKarr Sampson\sampsja02,PF,27,IND,25,4,10.4,1.6,3.4,.471,0.1,0.5,.250,1.5,2.9,.507,.488,0.6,1.0,.600,0.9,1.8,2.6,0.1,0.1,0.5,0.6,1.9,3.9
443,Dario ric\saricda01,C,26,PHO,45,1,17.2,3.1,6.8,.454,1.0,2.8,.360,2.1,4.0,.519,.528,1.6,1.9,.857,1.0,2.9,3.8,1.3,0.6,0.1,1.2,1.9,8.8
444,Tomáš Satoranský\satorto01,SG,29,CHI,54,18,23.0,3.0,5.8,.518,0.8,2.1,.360,2.2,3.7,.608,.583,1.2,1.4,.855,0.5,2.0,2.5,4.8,0.7,0.2,1.7,1.6,8.0
445,Dennis Schrder\schrode01,SG,27,LAL,59,59,32.2,5.5,12.5,.438,1.1,3.4,.335,4.4,9.2,.476,.483,3.4,4.0,.844,0.5,3.0,3.5,5.8,1.2,0.2,2.7,2.6,15.5
446,Mike Scott\scottmi01,PF,32,PHI,45,11,16.6,1.5,4.0,.367,1.0,3.0,.338,0.4,1.0,.455,.494,0.2,0.3,.667,0.2,2.2,2.4,0.7,0.5,0.2,0.4,1.4,4.1
447,Collin Sexton\sextoco01,SG,22,CLE,54,54,35.7,8.9,18.5,.481,1.7,4.5,.373,7.2,14.1,.515,.526,4.9,6.0,.809,1.0,2.2,3.1,4.2,1.1,0.2,2.7,2.7,24.3
448,Landry Shamet\shamela01,SG,23,BRK,56,10,22.6,3.1,7.5,.405,2.1,5.5,.383,0.9,2.0,.465,.545,1.1,1.3,.861,0.2,1.7,1.9,1.6,0.5,0.2,0.8,1.5,9.3
449,Iman Shumpert\shumpim01,SG,30,BRK,2,0,5.5,0.5,2.0,.250,0.0,1.5,.000,0.5,0.5,1.000,.250,0.0,0.0,,0.5,0.0,0.5,0.0,0.5,0.0,0.5,0.0,1.0
450,Pascal Siakam\siakapa01,PF,26,TOR,55,55,35.9,7.8,17.1,.456,1.3,4.4,.302,6.5,12.7,.510,.495,4.5,5.4,.832,1.7,5.6,7.3,4.5,1.2,0.7,2.3,3.2,21.4
451,Chris Silva\silvach01,PF,24,TOT,15,0,6.1,0.7,1.1,.625,0.1,0.1,1.000,0.6,1.0,.600,.656,0.7,1.0,.733,0.5,1.3,1.8,0.4,0.1,0.4,0.7,1.6,2.1
452,Ben Simmons\simmobe01,PG,24,PHI,54,54,32.5,5.6,10.1,.558,0.1,0.2,.300,5.6,9.9,.563,.561,3.1,5.2,.606,1.6,5.7,7.3,6.8,1.6,0.6,3.1,2.9,14.4
453,Anfernee Simons\simonan01,SG,21,POR,58,0,16.9,2.7,6.4,.425,2.0,4.5,.437,0.8,1.9,.396,.578,0.7,0.9,.784,0.2,1.9,2.1,1.4,0.3,0.1,0.7,1.4,8.1
454,Deividas Sirvydis\sirvyde01,SG,20,DET,16,0,3.1,0.3,1.1,.278,0.3,0.9,.286,0.1,0.3,.250,.389,0.2,0.3,.750,0.0,0.7,0.7,0.1,0.1,0.0,0.2,0.3,1.1
455,Alen Smailagić\smailal01,PF,20,GSW,13,1,4.2,0.5,1.4,.389,0.2,0.4,.400,0.4,1.0,.385,.444,0.1,0.3,.250,0.3,0.6,0.9,0.2,0.2,0.3,0.2,0.5,1.3
456,Marcus Smart\smartma01,PG,26,BOS,45,42,33.0,4.2,10.6,.397,2.0,6.0,.336,2.2,4.7,.474,.491,2.8,3.5,.799,0.8,2.7,3.4,5.8,1.5,0.5,1.9,2.6,13.3
457,Dennis Smith Jr.\smithde03,PG,23,TOT,23,9,18.3,2.5,6.3,.400,0.8,2.5,.328,1.7,3.8,.448,.466,0.8,1.1,.731,0.5,1.9,2.4,3.3,1.0,0.6,1.1,1.6,6.7
458,Ish Smith\smithis01,PG,32,WAS,39,1,20.4,2.7,6.4,.418,0.4,1.1,.357,2.3,5.3,.430,.448,0.5,0.8,.581,0.5,2.7,3.1,3.9,0.7,0.3,0.9,1.4,6.2
459,Jalen Smith\smithja04,PF,20,PHO,25,0,4.1,0.6,1.4,.441,0.1,0.5,.250,0.5,0.9,.545,.485,0.2,0.3,.714,0.2,0.6,0.9,0.1,0.0,0.1,0.2,0.5,1.5
460,Tony Snell\snellto01,SG,29,ATL,45,23,21.0,1.8,3.6,.506,1.4,2.4,.565,0.5,1.2,.389,.694,0.2,0.2,1.000,0.4,2.0,2.3,1.3,0.2,0.2,0.4,1.6,5.2
461,Ray Spalding\spaldra01,C,23,HOU,2,0,9.5,1.0,2.0,.500,0.0,0.5,.000,1.0,1.5,.667,.500,0.0,1.0,.000,1.0,1.0,2.0,0.0,0.0,1.0,1.5,1.5,2.0
462,Cassius Stanley\stanlca01,SG,21,IND,21,0,3.7,0.6,1.8,.324,0.1,0.5,.200,0.5,1.3,.370,.351,0.3,0.4,.778,0.3,0.6,0.9,0.0,0.0,0.1,0.0,0.6,1.6
463,Lamar Stevens\stevela01,PF,23,CLE,40,0,12.5,1.6,3.4,.456,0.1,0.6,.160,1.5,2.8,.523,.471,0.9,1.3,.725,0.6,1.8,2.4,0.6,0.4,0.3,0.6,1.3,4.1
464,Isaiah Stewart\stewais01,C,19,DET,65,12,21.1,3.3,5.8,.561,0.2,0.7,.313,3.0,5.1,.597,.581,0.9,1.3,.702,2.4,4.3,6.6,0.8,0.5,1.3,1.0,2.7,7.7
465,Max Strus\strusma01,SF,24,MIA,36,0,13.0,2.1,4.7,.456,1.3,3.8,.341,0.9,0.9,.912,.592,0.4,0.6,.650,0.1,0.9,1.0,0.6,0.3,0.0,0.2,1.2,5.9
466,Edmond Sumner\sumneed01,SG,25,IND,51,22,16.0,2.8,5.3,.528,0.7,1.7,.402,2.1,3.6,.588,.593,1.3,1.6,.813,0.4,1.4,1.8,0.9,0.6,0.2,0.9,1.6,7.5
467,Jae'Sean Tate\tateja01,SF,25,HOU,65,53,29.4,4.5,8.8,.513,0.8,2.7,.297,3.7,6.1,.609,.559,1.4,2.0,.698,1.9,3.4,5.4,2.3,1.3,0.5,1.3,3.2,11.2
468,Jayson Tatum\tatumja01,SF,22,BOS,59,59,35.8,9.5,20.7,.459,3.0,7.6,.391,6.5,13.1,.499,.531,4.6,5.3,.874,0.8,6.6,7.4,4.4,1.2,0.4,2.7,1.9,26.5
469,Jeff Teague\teaguje01,PG,32,TOT,50,6,17.7,2.2,5.2,.430,0.6,1.5,.408,1.6,3.6,.440,.490,1.6,1.9,.849,0.3,1.4,1.7,2.4,0.6,0.2,1.1,1.1,6.6
470,Garrett Temple\templga01,SG,34,CHI,50,23,27.1,3.0,7.0,.424,1.3,3.7,.341,1.7,3.3,.518,.514,0.7,0.9,.814,0.5,2.3,2.7,2.2,0.8,0.5,1.1,2.2,7.9
471,Tyrell Terry\terryty01,PG,20,DAL,11,0,5.1,0.5,1.5,.313,0.0,0.6,.000,0.5,0.8,.556,.313,0.1,0.3,.333,0.0,0.5,0.5,0.5,0.5,0.0,0.2,0.2,1.0
472,Daniel Theis\theisda01,C,28,TOT,63,49,24.6,3.9,7.2,.543,0.7,2.3,.313,3.2,4.9,.654,.594,1.1,1.7,.660,1.4,4.0,5.4,1.7,0.6,0.9,1.0,2.5,9.7
473,Brodric Thomas\thomabr01,SG,24,TOT,26,1,8.8,0.8,2.6,.324,0.5,1.5,.300,0.4,1.1,.357,.412,0.8,1.1,.724,0.2,0.8,1.0,0.8,0.3,0.3,0.7,0.9,3.0
474,Isaiah Thomas\thomais02,PG,31,NOP,3,0,16.0,3.0,9.0,.333,1.0,4.0,.250,2.0,5.0,.400,.389,0.7,0.7,1.000,0.3,1.0,1.3,1.7,0.3,0.0,2.0,1.0,7.7
475,Matt Thomas\thomama02,SG,26,TOT,40,0,7.4,1.2,2.9,.405,0.7,1.9,.351,0.5,1.1,.500,.517,0.2,0.3,.900,0.2,0.8,0.9,0.4,0.1,0.0,0.3,0.4,3.2
476,Tristan Thompson\thomptr01,PF,29,BOS,50,40,23.4,3.2,6.1,.518,0.0,0.1,.000,3.2,6.1,.523,.518,1.4,2.3,.605,3.2,5.0,8.1,1.3,0.4,0.6,1.1,2.2,7.7
477,Sindarius Thornwell\thornsi01,SG,26,TOT,15,1,6.3,0.5,1.7,.280,0.2,0.7,.273,0.3,0.9,.286,.340,0.0,0.1,.000,0.1,0.3,0.5,0.3,0.5,0.1,0.3,0.3,1.1
478,Matisse Thybulle\thybuma01,SG,23,PHI,63,7,20.1,1.6,3.8,.423,0.7,2.2,.307,0.9,1.6,.586,.513,0.1,0.3,.444,0.5,1.4,1.9,1.0,1.6,1.1,0.5,2.0,4.0
479,Killian Tillie\tilliki02,C,22,MEM,16,0,8.1,0.8,2.6,.310,0.4,1.6,.231,0.4,1.0,.438,.381,0.4,0.4,.857,0.4,0.7,1.1,0.3,0.3,0.4,0.1,1.1,2.4
480,Xavier Tillman Sr.\tillmxa01,PF,22,MEM,54,10,18.8,2.9,5.2,.552,0.4,1.2,.333,2.5,4.0,.615,.589,0.6,0.9,.653,1.3,3.1,4.4,1.3,0.8,0.6,0.7,2.1,6.7
481,Anthony Tolliver\tollian01,PF,35,PHI,7,0,9.6,0.1,1.4,.100,0.1,1.0,.143,0.0,0.4,.000,.150,0.7,0.9,.833,0.4,0.7,1.1,0.3,0.4,0.3,0.4,0.9,1.1
482,Obi Toppin\toppiob01,PF,22,NYK,56,0,11.2,1.6,3.4,.477,0.4,1.4,.273,1.3,2.1,.612,.531,0.3,0.5,.731,0.4,1.9,2.3,0.4,0.3,0.2,0.4,0.9,4.0
483,Juan Toscano-Anderson\toscaju01,SG,27,GSW,48,15,19.9,2.2,3.7,.584,0.6,1.6,.408,1.5,2.1,.716,.671,0.4,0.6,.690,0.6,3.6,4.2,2.6,0.7,0.5,1.1,2.1,5.4
484,Axel Toupane\toupaax01,SF,28,MIL,8,1,7.6,0.5,1.4,.364,0.1,0.3,.500,0.4,1.1,.333,.409,0.6,0.9,.714,0.0,0.8,0.8,0.5,0.3,0.4,0.0,0.8,1.8
485,Karl-Anthony Towns\townska01,C,25,MIN,44,44,34.0,8.5,17.5,.487,2.5,6.3,.396,6.1,11.3,.537,.558,5.2,6.0,.864,2.6,8.1,10.7,4.6,0.8,1.3,3.3,3.7,24.8
486,Gary Trent Jr.\trentga02,SG,22,TOT,56,36,31.0,5.6,13.4,.417,2.9,7.4,.391,2.7,6.0,.448,.525,1.3,1.7,.789,0.4,2.1,2.5,1.4,1.0,0.2,0.8,1.6,15.4
487,P.J. Tucker\tuckepj01,PF,35,TOT,47,33,26.7,1.3,3.5,.382,0.8,2.3,.345,0.5,1.2,.455,.497,0.4,0.5,.750,1.0,3.1,4.1,1.1,0.8,0.4,0.8,2.6,3.9
488,Rayjon Tucker\tuckera01,PG,23,PHI,12,0,4.1,0.4,0.9,.455,0.2,0.4,.400,0.3,0.5,.500,.545,1.0,1.2,.857,0.1,0.7,0.8,0.4,0.2,0.0,0.3,0.4,2.0
489,Myles Turner\turnemy01,C,24,IND,47,47,31.0,4.4,9.2,.477,1.5,4.4,.335,2.9,4.8,.606,.557,2.4,3.0,.782,1.3,5.2,6.5,1.0,0.9,3.4,1.4,3.5,12.6
490,Jonas Valanciunas\valanjo01,C,28,MEM,58,57,28.0,6.9,11.9,.582,0.4,1.0,.375,6.6,10.9,.600,.597,2.4,3.2,.759,4.1,8.2,12.3,1.8,0.6,0.8,1.6,2.9,16.7
491,Denzel Valentine\valende01,SG,27,CHI,59,3,16.9,2.6,6.8,.378,1.3,4.0,.332,1.2,2.8,.445,.476,0.3,0.3,.941,0.4,2.9,3.3,1.7,0.5,0.1,0.7,1.1,6.7
492,Jarred Vanderbilt\vandeja01,PF,21,MIN,58,25,17.3,2.1,3.5,.603,0.0,0.1,.250,2.1,3.4,.610,.605,0.9,1.7,.557,1.8,3.7,5.5,1.2,0.9,0.7,0.9,1.9,5.2
493,Fred VanVleet\vanvlfr01,SG,26,TOR,52,52,36.5,6.5,16.7,.389,3.3,9.2,.366,3.2,7.6,.416,.489,3.3,3.7,.885,0.6,3.6,4.2,6.3,1.7,0.7,1.8,2.3,19.6
494,Anderson Varejão\varejan01,F-C,38,CLE,1,0,7.0,0.0,4.0,.000,0.0,0.0,,0.0,4.0,.000,.000,1.0,2.0,.500,2.0,4.0,6.0,1.0,0.0,1.0,0.0,1.0,1.0
495,Devin Vassell\vassede01,SF,20,SAS,55,6,16.5,1.9,4.6,.405,0.9,2.3,.376,1.0,2.3,.433,.498,0.7,0.8,.841,0.4,2.3,2.7,0.9,0.7,0.3,0.3,1.3,5.2
496,Gabe Vincent\vincega01,PG,24,MIA,47,6,13.1,1.7,4.7,.373,0.9,3.0,.305,0.8,1.7,.494,.470,0.4,0.5,.870,0.2,0.9,1.1,1.2,0.4,0.0,0.6,1.6,4.8
497,Noah Vonleh\vonleno01,PF,25,BRK,4,0,2.8,0.0,0.8,.000,0.0,0.5,.000,0.0,0.3,.000,.000,0.0,0.0,,0.0,0.3,0.3,0.3,0.0,0.0,0.5,0.5,0.0
498,Nikola Vucevic\vucevni01,C,30,TOT,65,65,33.6,9.7,20.0,.485,2.6,6.2,.416,7.1,13.7,.516,.550,2.0,2.3,.836,2.1,9.4,11.5,3.7,1.0,0.7,1.8,1.9,23.9
499,Dean Wade\wadede01,PF,24,CLE,57,13,17.8,2.0,4.6,.433,1.2,3.2,.370,0.8,1.4,.575,.561,0.4,0.5,.778,0.6,2.5,3.1,1.1,0.5,0.4,0.4,1.1,5.5
500,Moritz Wagner\wagnemo01,C,23,TOT,39,18,14.7,2.1,4.6,.459,0.6,1.7,.338,1.5,2.9,.531,.522,1.6,1.9,.813,0.5,2.4,2.9,1.1,0.6,0.4,0.9,2.2,6.4
501,Kemba Walker\walkeke02,PG,30,BOS,40,40,31.4,6.4,15.4,.415,2.9,8.1,.357,3.5,7.3,.479,.509,2.9,3.2,.913,0.4,3.6,3.9,5.0,1.1,0.3,2.0,1.4,18.6
502,Lonnie Walker\walkelo01,SG,22,SAS,53,31,25.1,4.2,10.0,.420,1.6,4.5,.361,2.5,5.4,.469,.502,1.0,1.3,.809,0.2,2.3,2.5,1.6,0.5,0.3,1.1,1.7,11.1
503,John Wall\walljo01,PG,30,HOU,40,40,32.2,7.3,18.2,.404,2.0,6.2,.317,5.4,11.9,.449,.458,4.0,5.3,.749,0.4,2.8,3.2,6.9,1.1,0.8,3.5,1.2,20.6
504,Brad Wanamaker\wanambr01,PG,31,TOT,59,0,17.1,1.9,5.0,.386,0.3,1.4,.188,1.6,3.5,.466,.413,1.4,1.6,.894,0.3,1.4,1.7,2.8,0.7,0.2,1.2,1.5,5.5
505,T.J. Warren\warretj01,SF,27,IND,4,4,29.3,6.8,12.8,.529,0.0,1.8,.000,6.8,11.0,.614,.529,2.0,2.5,.800,0.5,3.0,3.5,1.3,0.5,0.0,1.0,4.0,15.5
506,P.J. Washington\washipj01,PF,22,CHO,58,55,30.1,4.7,10.5,.453,1.8,4.3,.408,3.0,6.2,.485,.537,1.7,2.3,.752,1.4,4.9,6.2,2.5,1.0,1.3,2.0,2.7,13.0
507,Yuta Watanabe\watanyu01,SF,26,TOR,47,2,14.2,1.5,3.4,.450,0.7,1.7,.407,0.8,1.7,.494,.553,0.5,0.6,.815,0.8,2.4,3.2,0.8,0.5,0.4,0.4,1.1,4.2
508,Tremont Waters\watertr01,PG,23,BOS,22,2,7.5,0.9,2.4,.377,0.4,1.0,.348,0.5,1.4,.400,.453,0.6,0.6,.929,0.1,0.5,0.6,2.1,0.6,0.0,0.9,0.6,2.8
509,Paul Watson\watsopa01,SF,26,TOR,27,2,11.0,1.4,3.0,.463,1.1,2.4,.469,0.3,0.7,.444,.646,0.2,0.3,.625,0.1,1.5,1.7,0.6,0.2,0.1,0.3,1.3,4.1
510,Quinndary Weatherspoon\weathqu01,SG,24,SAS,17,0,4.5,0.4,0.9,.375,0.0,0.1,.000,0.4,0.8,.429,.375,0.4,0.5,.875,0.1,0.2,0.4,0.3,0.4,0.1,0.5,0.8,1.1
511,Russell Westbrook\westbru01,PG,32,WAS,60,60,36.1,8.3,18.8,.441,1.2,4.0,.308,7.1,14.9,.476,.473,4.0,6.2,.639,1.7,9.8,11.4,11.4,1.4,0.4,4.9,2.9,21.8
512,Coby White\whiteco01,PG,20,CHI,63,48,30.9,5.4,13.0,.413,2.2,6.3,.349,3.2,6.7,.474,.498,2.0,2.2,.906,0.4,3.6,4.0,4.7,0.5,0.2,2.3,2.6,14.9
513,Derrick White\whitede01,SG,26,SAS,36,32,29.6,5.2,12.6,.411,2.3,6.8,.346,2.8,5.8,.486,.503,2.7,3.2,.851,0.4,2.6,3.0,3.5,0.7,1.0,1.3,2.5,15.4
514,Hassan Whiteside\whiteha01,C,31,SAC,36,4,15.2,3.5,6.2,.563,0.0,0.0,.000,3.5,6.2,.565,.563,1.1,2.2,.519,1.7,4.3,6.0,0.6,0.3,1.3,1.1,2.0,8.1
515,Greg Whittington\whittgr01,PF,27,DEN,4,0,3.0,0.0,0.8,.000,0.0,0.5,.000,0.0,0.3,.000,.000,0.0,0.0,,0.0,0.0,0.0,0.0,0.0,0.0,0.0,0.0,0.0
516,Andrew Wiggins\wiggian01,PF,25,GSW,67,67,33.2,6.9,14.7,.472,2.0,5.2,.382,4.9,9.5,.521,.540,2.5,3.4,.717,1.1,3.7,4.8,2.4,1.0,1.0,1.8,2.2,18.3
517,Grant Williams\willigr01,PF,22,BOS,57,8,17.9,1.6,3.7,.429,0.8,2.0,.371,0.8,1.7,.500,.531,0.4,0.7,.550,0.8,2.0,2.8,1.0,0.5,0.4,0.9,2.5,4.3
518,Kenrich Williams\willike04,PF,26,OKC,64,12,21.5,3.2,6.0,.530,0.7,1.7,.431,2.5,4.3,.568,.590,0.6,1.0,.571,1.3,2.9,4.2,2.2,0.8,0.2,1.1,2.1,7.7
519,Lou Williams\willilo02,PG,34,TOT,62,4,22.0,4.1,10.0,.413,1.1,2.7,.396,3.1,7.3,.419,.466,2.3,2.7,.863,0.3,1.7,2.1,3.5,0.8,0.1,1.6,0.9,11.7
520,Patrick Williams\willipa01,PF,19,CHI,65,65,28.2,3.6,7.5,.478,0.7,1.9,.384,2.8,5.5,.511,.528,1.3,1.8,.728,0.9,3.8,4.7,1.4,0.9,0.6,1.4,1.8,9.2
521,Robert Williams\williro04,C,23,BOS,51,12,19.1,3.6,5.0,.719,0.0,0.0,.000,3.6,5.0,.724,.719,0.9,1.4,.616,2.6,4.4,7.0,1.8,0.8,1.8,1.0,2.1,8.1
522,Zion Williamson\willizi01,PF,20,NOP,61,61,33.2,10.4,17.0,.611,0.2,0.6,.294,10.2,16.4,.622,.616,6.0,8.7,.698,2.7,4.5,7.2,3.7,0.9,0.6,2.7,2.2,27.0
523,D.J. Wilson\wilsodj01,PF,24,TOT,35,1,12.4,1.9,4.8,.405,0.9,2.5,.345,1.1,2.3,.469,.494,0.5,0.7,.680,0.6,2.6,3.2,0.7,0.3,0.5,0.6,1.3,5.2
524,Dylan Windler\windldy01,SF,24,CLE,31,0,16.5,1.8,4.2,.438,0.8,2.5,.338,1.0,1.7,.585,.538,0.7,0.9,.778,0.6,2.8,3.5,1.1,0.6,0.4,1.0,1.2,5.2
525,Justise Winslow\winslju01,SF,24,MEM,24,0,19.3,2.7,8.0,.340,0.3,2.0,.125,2.5,6.0,.413,.356,0.7,1.2,.586,0.7,3.6,4.3,1.8,0.6,0.5,1.4,1.8,6.4
526,Cassius Winston\winstca01,PG,22,WAS,21,0,4.6,0.7,1.6,.424,0.4,0.8,.471,0.3,0.8,.375,.545,0.2,0.3,.833,0.0,0.4,0.4,0.6,0.1,0.0,0.2,0.4,2.0
527,James Wiseman\wisemja01,C,19,GSW,39,27,21.4,4.9,9.4,.519,0.3,1.0,.316,4.6,8.5,.542,.535,1.4,2.2,.628,1.4,4.4,5.8,0.7,0.3,0.9,1.5,3.1,11.5
528,Christian Wood\woodch01,C,25,HOU,41,41,32.3,8.0,15.6,.514,1.9,5.0,.374,6.1,10.6,.581,.574,3.0,4.8,.631,1.9,7.8,9.6,1.7,0.8,1.2,2.0,2.1,21.0
529,Robert Woodard\woodaro01,SF,21,SAC,11,0,2.6,0.6,1.3,.500,0.1,0.4,.250,0.5,0.9,.600,.536,0.3,0.7,.375,0.3,0.7,1.0,0.0,0.0,0.2,0.1,0.2,1.6
530,Delon Wright\wrighde01,SG-PG,28,TOT,57,33,27.2,3.6,7.9,.460,0.9,2.5,.371,2.7,5.4,.502,.519,1.8,2.2,.802,1.0,3.2,4.2,4.3,1.6,0.5,1.2,1.2,10.0
531,Thaddeus Young\youngth01,PF,32,CHI,62,19,24.2,5.5,9.6,.571,0.2,0.6,.263,5.3,9.0,.592,.580,1.0,1.6,.619,2.4,3.7,6.1,4.4,1.1,0.5,2.0,2.3,12.1
532,Trae Young\youngtr01,PG,22,ATL,59,59,34.1,7.7,17.7,.436,2.2,6.3,.353,5.5,11.3,.482,.499,7.7,8.8,.882,0.6,3.2,3.9,9.5,0.9,0.2,4.2,1.8,25.4
533,Cody Zeller\zelleco01,C,28,CHO,42,20,20.3,3.6,6.6,.550,0.1,0.7,.143,3.5,6.0,.596,.558,1.7,2.4,.700,2.5,4.3,6.7,1.8,0.6,0.4,1.0,2.4,9.0
534,Ivica Zubac\zubaciv01,C,23,LAC,67,28,22.7,3.6,5.6,.649,0.0,0.0,.000,3.6,5.5,.654,.649,2.0,2.5,.784,2.7,4.6,7.3,1.3,0.4,0.9,1.2,2.6,9.2
